[0m11:44:44.887816 [debug] [MainThread]: Sending event: {'category': 'dbt', 'action': 'invocation', 'label': 'start', 'context': [<snowplow_tracker.self_describing_json.SelfDescribingJson object at 0x0000026ACFBD3380>, <snowplow_tracker.self_describing_json.SelfDescribingJson object at 0x0000026ACD524F50>, <snowplow_tracker.self_describing_json.SelfDescribingJson object at 0x0000026AD2583B10>]}


============================== 11:44:44.893345 | a50a99b4-f170-46f1-ae4c-1a5e4705b8f9 ==============================
[0m11:44:44.893345 [info ] [MainThread]: Running with dbt=1.12.0
[0m11:44:44.894031 [debug] [MainThread]: running dbt with arguments {'version_check': 'True', 'no_print': 'None', 'static_parser': 'True', 'warn_error_options': 'WarnErrorOptionsV2(error=[], warn=[], silence=[])', 'target_path': 'None', 'maximum_seed_size_mib': '1', 'printer_width': '80', 'write_json': 'True', 'introspect': 'True', 'log_cache_events': 'False', 'empty': 'False', 'cache_selected_only': 'False', 'fail_fast': 'False', 'debug': 'False', 'log_format': 'default', 'partial_parse': 'True', 'send_anonymous_usage_stats': 'True', 'quiet': 'False', 'warn_error': 'None', 'profiles_dir': './dbt', 'use_colors': 'True', 'hints_enabled': 'True', 'invocation_command': 'dbt run --project-dir dbt', 'use_experimental_parser': 'False', 'indirect_selection': 'eager', 'log_path': 'dbt\\logs'}
[0m11:44:45.348893 [debug] [MainThread]: Sending event: {'category': 'dbt', 'action': 'project_id', 'label': 'a50a99b4-f170-46f1-ae4c-1a5e4705b8f9', 'context': [<snowplow_tracker.self_describing_json.SelfDescribingJson object at 0x0000026AD24E36F0>]}
[0m11:44:45.478784 [debug] [MainThread]: Sending event: {'category': 'dbt', 'action': 'adapter_info', 'label': 'a50a99b4-f170-46f1-ae4c-1a5e4705b8f9', 'context': [<snowplow_tracker.self_describing_json.SelfDescribingJson object at 0x0000026ACD7BB130>]}
[0m11:44:45.481663 [info ] [MainThread]: Registered adapter: postgres=1.11.0
[0m11:44:46.009974 [debug] [MainThread]: checksum: 5326f82c21c1378b6440efb4cb9444135c552323e395b4a53ef66c4a73371aab, vars: {}, profile: marketpulse, target: dev, version: 1.12.0
[0m11:44:46.011061 [info ] [MainThread]: Unable to do partial parsing because saved manifest not found. Starting full parse.
[0m11:44:46.011490 [debug] [MainThread]: Sending event: {'category': 'dbt', 'action': 'partial_parser', 'label': 'a50a99b4-f170-46f1-ae4c-1a5e4705b8f9', 'context': [<snowplow_tracker.self_describing_json.SelfDescribingJson object at 0x0000026AD2618C50>]}
[0m11:44:49.316128 [debug] [MainThread]: Sending event: {'category': 'dbt', 'action': 'load_project', 'label': 'a50a99b4-f170-46f1-ae4c-1a5e4705b8f9', 'context': [<snowplow_tracker.self_describing_json.SelfDescribingJson object at 0x0000026AD24EEB70>]}
[0m11:44:49.461463 [debug] [MainThread]: Wrote artifact WritableManifest to dbt\target\manifest.json
[0m11:44:49.482825 [debug] [MainThread]: Wrote artifact SemanticManifest to dbt\target\semantic_manifest.json
[0m11:44:49.517366 [debug] [MainThread]: Wrote artifact OsiDocument to dbt\target\osi_document.json
[0m11:44:49.538502 [debug] [MainThread]: Sending event: {'category': 'dbt', 'action': 'resource_counts', 'label': 'a50a99b4-f170-46f1-ae4c-1a5e4705b8f9', 'context': [<snowplow_tracker.self_describing_json.SelfDescribingJson object at 0x0000026AD3216F90>]}
[0m11:44:49.539514 [info ] [MainThread]: Found 5 models, 22 data tests, 2 sources, 477 macros
[0m11:44:49.540271 [debug] [MainThread]: Sending event: {'category': 'dbt', 'action': 'runnable_timing', 'label': 'a50a99b4-f170-46f1-ae4c-1a5e4705b8f9', 'context': [<snowplow_tracker.self_describing_json.SelfDescribingJson object at 0x0000026AD3240050>]}
[0m11:44:49.543267 [info ] [MainThread]: 
[0m11:44:49.543785 [info ] [MainThread]: Concurrency: 4 threads (target='dev')
[0m11:44:49.544225 [info ] [MainThread]: 
[0m11:44:49.544986 [debug] [MainThread]: Acquiring new postgres connection 'master'
[0m11:44:49.550032 [debug] [ThreadPool]: Acquiring new postgres connection 'list_marketpulse'
[0m11:44:49.782624 [debug] [ThreadPool]: Using postgres connection "list_marketpulse"
[0m11:44:49.783477 [debug] [ThreadPool]: On list_marketpulse: /* {"app": "dbt", "dbt_version": "1.12.0", "profile_name": "marketpulse", "target_name": "dev", "connection_name": "list_marketpulse"} */

    select distinct nspname from pg_namespace
  
[0m11:44:49.784122 [debug] [ThreadPool]: Opening a new connection, currently in state init
[0m11:44:49.813173 [debug] [ThreadPool]: SQL status: SELECT 6 in 0.029 seconds
[0m11:44:49.815203 [debug] [ThreadPool]: On list_marketpulse: Close
[0m11:44:49.816759 [debug] [ThreadPool]: Re-using an available connection from the pool (formerly list_marketpulse, now create_marketpulse_analytics)
[0m11:44:49.817665 [debug] [ThreadPool]: Creating schema "database: "marketpulse"
schema: "analytics"
"
[0m11:44:49.823154 [debug] [ThreadPool]: Using postgres connection "create_marketpulse_analytics"
[0m11:44:49.823736 [debug] [ThreadPool]: On create_marketpulse_analytics: /* {"app": "dbt", "dbt_version": "1.12.0", "profile_name": "marketpulse", "target_name": "dev", "connection_name": "create_marketpulse_analytics"} */
create schema if not exists "analytics"
[0m11:44:49.824185 [debug] [ThreadPool]: Opening a new connection, currently in state closed
[0m11:44:49.844476 [debug] [ThreadPool]: SQL status: CREATE SCHEMA in 0.020 seconds
[0m11:44:49.845827 [debug] [ThreadPool]: On create_marketpulse_analytics: COMMIT
[0m11:44:49.846615 [debug] [ThreadPool]: Using postgres connection "create_marketpulse_analytics"
[0m11:44:49.847263 [debug] [ThreadPool]: On create_marketpulse_analytics: COMMIT
[0m11:44:49.849524 [debug] [ThreadPool]: SQL status: COMMIT in 0.002 seconds
[0m11:44:49.850004 [debug] [ThreadPool]: On create_marketpulse_analytics: Close
[0m11:44:49.852672 [debug] [ThreadPool]: Acquiring new postgres connection 'list_marketpulse_analytics'
[0m11:44:49.860553 [debug] [ThreadPool]: Using postgres connection "list_marketpulse_analytics"
[0m11:44:49.861378 [debug] [ThreadPool]: On list_marketpulse_analytics: /* {"app": "dbt", "dbt_version": "1.12.0", "profile_name": "marketpulse", "target_name": "dev", "connection_name": "list_marketpulse_analytics"} */
select
      'marketpulse' as database,
      tablename as name,
      schemaname as schema,
      'table' as type
    from pg_tables
    where schemaname ilike 'analytics'
    union all
    select
      'marketpulse' as database,
      viewname as name,
      schemaname as schema,
      'view' as type
    from pg_views
    where schemaname ilike 'analytics'
    union all
    select
      'marketpulse' as database,
      matviewname as name,
      schemaname as schema,
      'materialized_view' as type
    from pg_matviews
    where schemaname ilike 'analytics'
    union all
    select distinct
     'marketpulse' as database,
     proname as name,
     ns.nspname as schema,
     'function' as type
    from pg_proc
     join pg_namespace as ns on pronamespace = ns.oid
    where ns.nspname ilike 'analytics'
  
[0m11:44:49.861924 [debug] [ThreadPool]: Opening a new connection, currently in state init
[0m11:44:49.898415 [debug] [ThreadPool]: SQL status: SELECT 0 in 0.036 seconds
[0m11:44:49.900497 [debug] [ThreadPool]: On list_marketpulse_analytics: ROLLBACK
[0m11:44:49.902392 [debug] [ThreadPool]: On list_marketpulse_analytics: Close
[0m11:44:49.908899 [debug] [MainThread]: Using postgres connection "master"
[0m11:44:49.909820 [debug] [MainThread]: On master: /* {"app": "dbt", "dbt_version": "1.12.0", "profile_name": "marketpulse", "target_name": "dev", "connection_name": "master"} */
select distinct
        dependent_namespace.nspname as dependent_schema,
        dependent_class.relname as dependent_name,
        referenced_namespace.nspname as referenced_schema,
        referenced_class.relname as referenced_name

    -- Query for views: views are entries in pg_class with an entry in pg_rewrite, but we avoid
    -- a seq scan on pg_rewrite by leveraging the fact there is an "internal" row in pg_depend for
    -- the view...
    from pg_class as dependent_class
    join pg_namespace as dependent_namespace on dependent_namespace.oid = dependent_class.relnamespace
    join pg_depend as dependent_depend on dependent_depend.refobjid = dependent_class.oid
        and dependent_depend.classid = 'pg_rewrite'::regclass
        and dependent_depend.refclassid = 'pg_class'::regclass
        and dependent_depend.deptype = 'i'

    -- ... and via pg_depend (that has a row per column, hence the need for "distinct" above, and
    -- making sure to exclude the internal row to avoid a view appearing to depend on itself)...
    join pg_depend as joining_depend on joining_depend.objid = dependent_depend.objid
        and joining_depend.classid = 'pg_rewrite'::regclass
        and joining_depend.refclassid = 'pg_class'::regclass
        and joining_depend.refobjid != dependent_depend.refobjid

    -- ... we can find the tables they query from in pg_class, but excluding system tables. Note we
    -- don't need need to exclude _dependent_ system tables, because they only query from other
    -- system tables, and so are automatically excluded by excluding _referenced_ system tables
    join pg_class as referenced_class on referenced_class.oid = joining_depend.refobjid
    join pg_namespace as referenced_namespace on referenced_namespace.oid = referenced_class.relnamespace
        and referenced_namespace.nspname != 'information_schema'
        and referenced_namespace.nspname not like 'pg\_%'

    order by
        dependent_schema, dependent_name, referenced_schema, referenced_name;
[0m11:44:49.910486 [debug] [MainThread]: Opening a new connection, currently in state init
[0m11:44:49.935709 [debug] [MainThread]: SQL status: SELECT 0 in 0.025 seconds
[0m11:44:49.937594 [debug] [MainThread]: Sending event: {'category': 'dbt', 'action': 'runnable_timing', 'label': 'a50a99b4-f170-46f1-ae4c-1a5e4705b8f9', 'context': [<snowplow_tracker.self_describing_json.SelfDescribingJson object at 0x0000026AD320A750>]}
[0m11:44:49.938265 [debug] [MainThread]: On master: ROLLBACK
[0m11:44:49.939367 [debug] [MainThread]: On master: COMMIT
[0m11:44:49.939866 [debug] [MainThread]: Using postgres connection "master"
[0m11:44:49.940509 [debug] [MainThread]: On master: COMMIT
[0m11:44:49.942461 [debug] [MainThread]: SQL status: COMMIT in 0.001 seconds
[0m11:44:49.943156 [debug] [MainThread]: On master: Close
[0m11:44:49.950747 [debug] [Thread-1 (]: Began running node model.marketpulse.stg_daily_prices
[0m11:44:49.951424 [debug] [Thread-2 (]: Began running node model.marketpulse.stg_market_ticks
[0m11:44:49.952163 [info ] [Thread-1 (]: 1 of 5 START sql view model analytics.stg_daily_prices ......................... [RUN]
[0m11:44:49.954310 [debug] [Thread-1 (]: Acquiring new postgres connection 'model.marketpulse.stg_daily_prices'
[0m11:44:49.952846 [info ] [Thread-2 (]: 2 of 5 START sql view model analytics.stg_market_ticks ......................... [RUN]
[0m11:44:49.955646 [debug] [Thread-2 (]: Acquiring new postgres connection 'model.marketpulse.stg_market_ticks'
[0m11:44:49.956152 [debug] [Thread-2 (]: Began compiling node model.marketpulse.stg_market_ticks
[0m11:44:49.954949 [debug] [Thread-1 (]: Began compiling node model.marketpulse.stg_daily_prices
[0m11:44:49.972209 [debug] [Thread-1 (]: Writing injected SQL for node "model.marketpulse.stg_daily_prices"
[0m11:44:49.969917 [debug] [Thread-2 (]: Writing injected SQL for node "model.marketpulse.stg_market_ticks"
[0m11:44:49.976629 [debug] [Thread-1 (]: Began executing node model.marketpulse.stg_daily_prices
[0m11:44:49.977327 [debug] [Thread-2 (]: Began executing node model.marketpulse.stg_market_ticks
[0m11:44:50.022718 [debug] [Thread-2 (]: Writing runtime sql for node "model.marketpulse.stg_market_ticks"
[0m11:44:50.024947 [debug] [Thread-1 (]: Writing runtime sql for node "model.marketpulse.stg_daily_prices"
[0m11:44:50.029154 [debug] [Thread-1 (]: Using postgres connection "model.marketpulse.stg_daily_prices"
[0m11:44:50.030690 [debug] [Thread-1 (]: On model.marketpulse.stg_daily_prices: /* {"app": "dbt", "dbt_version": "1.12.0", "profile_name": "marketpulse", "target_name": "dev", "node_id": "model.marketpulse.stg_daily_prices"} */

  create view "marketpulse"."analytics"."stg_daily_prices__dbt_tmp"
    
    
  as (
    -- Staging layer: cleaned daily prices from raw batch data

select
    ticker || '_' || date::text as price_id,
    ticker,
    date::date as date,
    open,
    high,
    low,
    close,
    adj_close as adjusted_close,
    volume,
    ingested_at
from "marketpulse"."raw"."daily_prices"
where close is not null
  and close > 0
  );
[0m11:44:50.031521 [debug] [Thread-1 (]: Opening a new connection, currently in state init
[0m11:44:50.029988 [debug] [Thread-2 (]: Using postgres connection "model.marketpulse.stg_market_ticks"
[0m11:44:50.032340 [debug] [Thread-2 (]: On model.marketpulse.stg_market_ticks: /* {"app": "dbt", "dbt_version": "1.12.0", "profile_name": "marketpulse", "target_name": "dev", "node_id": "model.marketpulse.stg_market_ticks"} */

  create view "marketpulse"."analytics"."stg_market_ticks__dbt_tmp"
    
    
  as (
    -- Staging layer: cleaned intraday ticks from streaming pipeline

select
    id,
    ticker,
    ts::timestamptz as ts,
    date(ts) as tick_date,
    extract(hour from ts)::int as tick_hour,
    open,
    high,
    low,
    close,
    volume,
    produced_at,
    consumed_at
from "marketpulse"."streaming"."market_ticks"
where close is not null
  and close > 0
  );
[0m11:44:50.032809 [debug] [Thread-2 (]: Opening a new connection, currently in state init
[0m11:44:50.057088 [debug] [Thread-2 (]: SQL status: CREATE VIEW in 0.024 seconds
[0m11:44:50.058251 [debug] [Thread-1 (]: SQL status: CREATE VIEW in 0.027 seconds
[0m11:44:50.069619 [debug] [Thread-1 (]: Using postgres connection "model.marketpulse.stg_daily_prices"
[0m11:44:50.066081 [debug] [Thread-2 (]: Using postgres connection "model.marketpulse.stg_market_ticks"
[0m11:44:50.070858 [debug] [Thread-2 (]: On model.marketpulse.stg_market_ticks: /* {"app": "dbt", "dbt_version": "1.12.0", "profile_name": "marketpulse", "target_name": "dev", "node_id": "model.marketpulse.stg_market_ticks"} */
alter table "marketpulse"."analytics"."stg_market_ticks__dbt_tmp" rename to "stg_market_ticks"
[0m11:44:50.070265 [debug] [Thread-1 (]: On model.marketpulse.stg_daily_prices: /* {"app": "dbt", "dbt_version": "1.12.0", "profile_name": "marketpulse", "target_name": "dev", "node_id": "model.marketpulse.stg_daily_prices"} */
alter table "marketpulse"."analytics"."stg_daily_prices__dbt_tmp" rename to "stg_daily_prices"
[0m11:44:50.073664 [debug] [Thread-1 (]: SQL status: ALTER TABLE in 0.002 seconds
[0m11:44:50.074771 [debug] [Thread-2 (]: SQL status: ALTER TABLE in 0.003 seconds
[0m11:44:50.105845 [debug] [Thread-2 (]: On model.marketpulse.stg_market_ticks: COMMIT
[0m11:44:50.115622 [debug] [Thread-2 (]: Using postgres connection "model.marketpulse.stg_market_ticks"
[0m11:44:50.116166 [debug] [Thread-2 (]: On model.marketpulse.stg_market_ticks: COMMIT
[0m11:44:50.114909 [debug] [Thread-1 (]: On model.marketpulse.stg_daily_prices: COMMIT
[0m11:44:50.116778 [debug] [Thread-1 (]: Using postgres connection "model.marketpulse.stg_daily_prices"
[0m11:44:50.117412 [debug] [Thread-1 (]: On model.marketpulse.stg_daily_prices: COMMIT
[0m11:44:50.118943 [debug] [Thread-2 (]: SQL status: COMMIT in 0.002 seconds
[0m11:44:50.127253 [debug] [Thread-2 (]: Applying DROP to: "marketpulse"."analytics"."stg_market_ticks__dbt_backup"
[0m11:44:50.134701 [debug] [Thread-2 (]: Using postgres connection "model.marketpulse.stg_market_ticks"
[0m11:44:50.127803 [debug] [Thread-1 (]: SQL status: COMMIT in 0.010 seconds
[0m11:44:50.137569 [debug] [Thread-1 (]: Applying DROP to: "marketpulse"."analytics"."stg_daily_prices__dbt_backup"
[0m11:44:50.135389 [debug] [Thread-2 (]: On model.marketpulse.stg_market_ticks: /* {"app": "dbt", "dbt_version": "1.12.0", "profile_name": "marketpulse", "target_name": "dev", "node_id": "model.marketpulse.stg_market_ticks"} */
drop view if exists "marketpulse"."analytics"."stg_market_ticks__dbt_backup" cascade
[0m11:44:50.139540 [debug] [Thread-1 (]: Using postgres connection "model.marketpulse.stg_daily_prices"
[0m11:44:50.140439 [debug] [Thread-1 (]: On model.marketpulse.stg_daily_prices: /* {"app": "dbt", "dbt_version": "1.12.0", "profile_name": "marketpulse", "target_name": "dev", "node_id": "model.marketpulse.stg_daily_prices"} */
drop view if exists "marketpulse"."analytics"."stg_daily_prices__dbt_backup" cascade
[0m11:44:50.142024 [debug] [Thread-2 (]: SQL status: DROP VIEW in 0.002 seconds
[0m11:44:50.142660 [debug] [Thread-1 (]: SQL status: DROP VIEW in 0.001 seconds
[0m11:44:50.148086 [debug] [Thread-1 (]: On model.marketpulse.stg_daily_prices: Close
[0m11:44:50.145683 [debug] [Thread-2 (]: On model.marketpulse.stg_market_ticks: Close
[0m11:44:50.152387 [debug] [Thread-1 (]: Sending event: {'category': 'dbt', 'action': 'run_model', 'label': 'a50a99b4-f170-46f1-ae4c-1a5e4705b8f9', 'context': [<snowplow_tracker.self_describing_json.SelfDescribingJson object at 0x0000026AD35B0B50>]}
[0m11:44:50.153161 [debug] [Thread-2 (]: Sending event: {'category': 'dbt', 'action': 'run_model', 'label': 'a50a99b4-f170-46f1-ae4c-1a5e4705b8f9', 'context': [<snowplow_tracker.self_describing_json.SelfDescribingJson object at 0x0000026AD35558B0>]}
[0m11:44:50.154134 [info ] [Thread-1 (]: 1 of 5 OK created sql view model analytics.stg_daily_prices .................... [[32mCREATE VIEW[0m in 0.20s]
[0m11:44:50.156568 [debug] [Thread-1 (]: Finished running node model.marketpulse.stg_daily_prices
[0m11:44:50.155234 [info ] [Thread-2 (]: 2 of 5 OK created sql view model analytics.stg_market_ticks .................... [[32mCREATE VIEW[0m in 0.20s]
[0m11:44:50.157901 [debug] [Thread-2 (]: Finished running node model.marketpulse.stg_market_ticks
[0m11:44:50.158672 [debug] [Thread-4 (]: Began running node model.marketpulse.moving_averages
[0m11:44:50.159342 [debug] [Thread-3 (]: Began running node model.marketpulse.daily_returns
[0m11:44:50.160278 [info ] [Thread-4 (]: 4 of 5 START sql table model analytics.moving_averages ......................... [RUN]
[0m11:44:50.162446 [debug] [Thread-4 (]: Acquiring new postgres connection 'model.marketpulse.moving_averages'
[0m11:44:50.161395 [info ] [Thread-3 (]: 3 of 5 START sql table model analytics.daily_returns ........................... [RUN]
[0m11:44:50.164352 [debug] [Thread-3 (]: Acquiring new postgres connection 'model.marketpulse.daily_returns'
[0m11:44:50.163287 [debug] [Thread-4 (]: Began compiling node model.marketpulse.moving_averages
[0m11:44:50.168570 [debug] [Thread-4 (]: Writing injected SQL for node "model.marketpulse.moving_averages"
[0m11:44:50.165089 [debug] [Thread-3 (]: Began compiling node model.marketpulse.daily_returns
[0m11:44:50.171482 [debug] [Thread-3 (]: Writing injected SQL for node "model.marketpulse.daily_returns"
[0m11:44:50.174163 [debug] [Thread-4 (]: Began executing node model.marketpulse.moving_averages
[0m11:44:50.175014 [debug] [Thread-3 (]: Began executing node model.marketpulse.daily_returns
[0m11:44:50.207662 [debug] [Thread-3 (]: Writing runtime sql for node "model.marketpulse.daily_returns"
[0m11:44:50.202919 [debug] [Thread-4 (]: Writing runtime sql for node "model.marketpulse.moving_averages"
[0m11:44:50.211020 [debug] [Thread-4 (]: Using postgres connection "model.marketpulse.moving_averages"
[0m11:44:50.213037 [debug] [Thread-4 (]: On model.marketpulse.moving_averages: /* {"app": "dbt", "dbt_version": "1.12.0", "profile_name": "marketpulse", "target_name": "dev", "node_id": "model.marketpulse.moving_averages"} */

  
    

  create  table "marketpulse"."analytics"."moving_averages__dbt_tmp"
  
  
    as
  
  (
    -- Mart: moving averages and price-vs-MA ratio

select
    ticker,
    date,
    close,
    avg(close) over (
        partition by ticker
        order by date
        rows between 6 preceding and current row
    ) as ma_7,
    avg(close) over (
        partition by ticker
        order by date
        rows between 19 preceding and current row
    ) as ma_20,
    avg(close) over (
        partition by ticker
        order by date
        rows between 49 preceding and current row
    ) as ma_50,
    close / nullif(avg(close) over (
        partition by ticker
        order by date
        rows between 19 preceding and current row
    ), 0) as price_vs_ma20
from "marketpulse"."analytics"."stg_daily_prices"
  );
  
[0m11:44:50.212037 [debug] [Thread-3 (]: Using postgres connection "model.marketpulse.daily_returns"
[0m11:44:50.214991 [debug] [Thread-3 (]: On model.marketpulse.daily_returns: /* {"app": "dbt", "dbt_version": "1.12.0", "profile_name": "marketpulse", "target_name": "dev", "node_id": "model.marketpulse.daily_returns"} */

  
    

  create  table "marketpulse"."analytics"."daily_returns__dbt_tmp"
  
  
    as
  
  (
    -- Mart: daily returns — primary feature table for ML forecasting

select
    ticker,
    date,
    open,
    high,
    low,
    close,
    volume,
    lag(close) over (
        partition by ticker
        order by date
    ) as prev_close,
    (close - lag(close) over (
        partition by ticker
        order by date
    )) / nullif(lag(close) over (
        partition by ticker
        order by date
    ), 0) as daily_return,
    case
        when (close - lag(close) over (
            partition by ticker
            order by date
        )) / nullif(lag(close) over (
            partition by ticker
            order by date
        ), 0) > 0 then true
        else false
    end as is_positive
from "marketpulse"."analytics"."stg_daily_prices"
  );
  
[0m11:44:50.214043 [debug] [Thread-4 (]: Opening a new connection, currently in state init
[0m11:44:50.215774 [debug] [Thread-3 (]: Opening a new connection, currently in state init
[0m11:44:50.282214 [debug] [Thread-3 (]: SQL status: SELECT 6005 in 0.066 seconds
[0m11:44:50.290556 [debug] [Thread-3 (]: Using postgres connection "model.marketpulse.daily_returns"
[0m11:44:50.291416 [debug] [Thread-3 (]: On model.marketpulse.daily_returns: /* {"app": "dbt", "dbt_version": "1.12.0", "profile_name": "marketpulse", "target_name": "dev", "node_id": "model.marketpulse.daily_returns"} */
alter table "marketpulse"."analytics"."daily_returns__dbt_tmp" rename to "daily_returns"
[0m11:44:50.293418 [debug] [Thread-3 (]: SQL status: ALTER TABLE in 0.001 seconds
[0m11:44:50.296411 [debug] [Thread-3 (]: On model.marketpulse.daily_returns: COMMIT
[0m11:44:50.297318 [debug] [Thread-3 (]: Using postgres connection "model.marketpulse.daily_returns"
[0m11:44:50.298569 [debug] [Thread-3 (]: On model.marketpulse.daily_returns: COMMIT
[0m11:44:50.297889 [debug] [Thread-4 (]: SQL status: SELECT 6005 in 0.084 seconds
[0m11:44:50.302519 [debug] [Thread-4 (]: Using postgres connection "model.marketpulse.moving_averages"
[0m11:44:50.303474 [debug] [Thread-4 (]: On model.marketpulse.moving_averages: /* {"app": "dbt", "dbt_version": "1.12.0", "profile_name": "marketpulse", "target_name": "dev", "node_id": "model.marketpulse.moving_averages"} */
alter table "marketpulse"."analytics"."moving_averages__dbt_tmp" rename to "moving_averages"
[0m11:44:50.304880 [debug] [Thread-4 (]: SQL status: ALTER TABLE in 0.001 seconds
[0m11:44:50.307907 [debug] [Thread-4 (]: On model.marketpulse.moving_averages: COMMIT
[0m11:44:50.305624 [debug] [Thread-3 (]: SQL status: COMMIT in 0.006 seconds
[0m11:44:50.311082 [debug] [Thread-3 (]: Applying DROP to: "marketpulse"."analytics"."daily_returns__dbt_backup"
[0m11:44:50.308552 [debug] [Thread-4 (]: Using postgres connection "model.marketpulse.moving_averages"
[0m11:44:50.317345 [debug] [Thread-4 (]: On model.marketpulse.moving_averages: COMMIT
[0m11:44:50.316394 [debug] [Thread-3 (]: Using postgres connection "model.marketpulse.daily_returns"
[0m11:44:50.318138 [debug] [Thread-3 (]: On model.marketpulse.daily_returns: /* {"app": "dbt", "dbt_version": "1.12.0", "profile_name": "marketpulse", "target_name": "dev", "node_id": "model.marketpulse.daily_returns"} */
drop table if exists "marketpulse"."analytics"."daily_returns__dbt_backup" cascade
[0m11:44:50.319825 [debug] [Thread-3 (]: SQL status: DROP TABLE in 0.001 seconds
[0m11:44:50.322587 [debug] [Thread-3 (]: On model.marketpulse.daily_returns: Close
[0m11:44:50.320616 [debug] [Thread-4 (]: SQL status: COMMIT in 0.003 seconds
[0m11:44:50.325819 [debug] [Thread-4 (]: Applying DROP to: "marketpulse"."analytics"."moving_averages__dbt_backup"
[0m11:44:50.326839 [debug] [Thread-3 (]: Sending event: {'category': 'dbt', 'action': 'run_model', 'label': 'a50a99b4-f170-46f1-ae4c-1a5e4705b8f9', 'context': [<snowplow_tracker.self_describing_json.SelfDescribingJson object at 0x0000026AD36B8450>]}
[0m11:44:50.328416 [debug] [Thread-4 (]: Using postgres connection "model.marketpulse.moving_averages"
[0m11:44:50.330755 [debug] [Thread-4 (]: On model.marketpulse.moving_averages: /* {"app": "dbt", "dbt_version": "1.12.0", "profile_name": "marketpulse", "target_name": "dev", "node_id": "model.marketpulse.moving_averages"} */
drop table if exists "marketpulse"."analytics"."moving_averages__dbt_backup" cascade
[0m11:44:50.329713 [info ] [Thread-3 (]: 3 of 5 OK created sql table model analytics.daily_returns ...................... [[32mSELECT 6005[0m in 0.16s]
[0m11:44:50.331963 [debug] [Thread-3 (]: Finished running node model.marketpulse.daily_returns
[0m11:44:50.332644 [debug] [Thread-4 (]: SQL status: DROP TABLE in 0.001 seconds
[0m11:44:50.334713 [debug] [Thread-4 (]: On model.marketpulse.moving_averages: Close
[0m11:44:50.335404 [debug] [Thread-1 (]: Began running node model.marketpulse.volatility_metrics
[0m11:44:50.336641 [debug] [Thread-4 (]: Sending event: {'category': 'dbt', 'action': 'run_model', 'label': 'a50a99b4-f170-46f1-ae4c-1a5e4705b8f9', 'context': [<snowplow_tracker.self_describing_json.SelfDescribingJson object at 0x0000026AD349E200>]}
[0m11:44:50.337794 [info ] [Thread-1 (]: 5 of 5 START sql table model analytics.volatility_metrics ...................... [RUN]
[0m11:44:50.340020 [debug] [Thread-1 (]: Re-using an available connection from the pool (formerly model.marketpulse.stg_daily_prices, now model.marketpulse.volatility_metrics)
[0m11:44:50.338939 [info ] [Thread-4 (]: 4 of 5 OK created sql table model analytics.moving_averages .................... [[32mSELECT 6005[0m in 0.17s]
[0m11:44:50.342139 [debug] [Thread-4 (]: Finished running node model.marketpulse.moving_averages
[0m11:44:50.340855 [debug] [Thread-1 (]: Began compiling node model.marketpulse.volatility_metrics
[0m11:44:50.345829 [debug] [Thread-1 (]: Writing injected SQL for node "model.marketpulse.volatility_metrics"
[0m11:44:50.348292 [debug] [Thread-1 (]: Began executing node model.marketpulse.volatility_metrics
[0m11:44:50.354708 [debug] [Thread-1 (]: Writing runtime sql for node "model.marketpulse.volatility_metrics"
[0m11:44:50.356906 [debug] [Thread-1 (]: Using postgres connection "model.marketpulse.volatility_metrics"
[0m11:44:50.358007 [debug] [Thread-1 (]: On model.marketpulse.volatility_metrics: /* {"app": "dbt", "dbt_version": "1.12.0", "profile_name": "marketpulse", "target_name": "dev", "node_id": "model.marketpulse.volatility_metrics"} */

  
    

  create  table "marketpulse"."analytics"."volatility_metrics__dbt_tmp"
  
  
    as
  
  (
    -- Mart: volatility and volume metrics (depends on daily_returns)

select
    dr.ticker,
    dr.date,
    dr.daily_return,
    stddev(dr.daily_return) over (
        partition by dr.ticker
        order by dr.date
        rows between 19 preceding and current row
    ) as rolling_std_20,
    stddev(dr.daily_return) over (
        partition by dr.ticker
        order by dr.date
        rows between 4 preceding and current row
    ) as rolling_std_5,
    (sdp.high - sdp.low) / nullif(sdp.close, 0) as high_low_range,
    avg(sdp.volume) over (
        partition by dr.ticker
        order by dr.date
        rows between 19 preceding and current row
    ) as avg_volume_20
from "marketpulse"."analytics"."daily_returns" as dr
inner join "marketpulse"."analytics"."stg_daily_prices" as sdp
    on dr.ticker = sdp.ticker
    and dr.date = sdp.date
  );
  
[0m11:44:50.358888 [debug] [Thread-1 (]: Opening a new connection, currently in state closed
[0m11:44:50.458790 [debug] [Thread-1 (]: SQL status: SELECT 6005 in 0.100 seconds
[0m11:44:50.461985 [debug] [Thread-1 (]: Using postgres connection "model.marketpulse.volatility_metrics"
[0m11:44:50.462873 [debug] [Thread-1 (]: On model.marketpulse.volatility_metrics: /* {"app": "dbt", "dbt_version": "1.12.0", "profile_name": "marketpulse", "target_name": "dev", "node_id": "model.marketpulse.volatility_metrics"} */
alter table "marketpulse"."analytics"."volatility_metrics__dbt_tmp" rename to "volatility_metrics"
[0m11:44:50.464978 [debug] [Thread-1 (]: SQL status: ALTER TABLE in 0.001 seconds
[0m11:44:50.467017 [debug] [Thread-1 (]: On model.marketpulse.volatility_metrics: COMMIT
[0m11:44:50.467516 [debug] [Thread-1 (]: Using postgres connection "model.marketpulse.volatility_metrics"
[0m11:44:50.467970 [debug] [Thread-1 (]: On model.marketpulse.volatility_metrics: COMMIT
[0m11:44:50.472198 [debug] [Thread-1 (]: SQL status: COMMIT in 0.004 seconds
[0m11:44:50.474582 [debug] [Thread-1 (]: Applying DROP to: "marketpulse"."analytics"."volatility_metrics__dbt_backup"
[0m11:44:50.475707 [debug] [Thread-1 (]: Using postgres connection "model.marketpulse.volatility_metrics"
[0m11:44:50.476422 [debug] [Thread-1 (]: On model.marketpulse.volatility_metrics: /* {"app": "dbt", "dbt_version": "1.12.0", "profile_name": "marketpulse", "target_name": "dev", "node_id": "model.marketpulse.volatility_metrics"} */
drop table if exists "marketpulse"."analytics"."volatility_metrics__dbt_backup" cascade
[0m11:44:50.477975 [debug] [Thread-1 (]: SQL status: DROP TABLE in 0.001 seconds
[0m11:44:50.479843 [debug] [Thread-1 (]: On model.marketpulse.volatility_metrics: Close
[0m11:44:50.480967 [debug] [Thread-1 (]: Sending event: {'category': 'dbt', 'action': 'run_model', 'label': 'a50a99b4-f170-46f1-ae4c-1a5e4705b8f9', 'context': [<snowplow_tracker.self_describing_json.SelfDescribingJson object at 0x0000026AD35C5C10>]}
[0m11:44:50.481893 [info ] [Thread-1 (]: 5 of 5 OK created sql table model analytics.volatility_metrics ................. [[32mSELECT 6005[0m in 0.14s]
[0m11:44:50.482643 [debug] [Thread-1 (]: Finished running node model.marketpulse.volatility_metrics
[0m11:44:50.484643 [debug] [MainThread]: On master: COMMIT
[0m11:44:50.485221 [debug] [MainThread]: Using postgres connection "master"
[0m11:44:50.485617 [debug] [MainThread]: On master: COMMIT
[0m11:44:50.485999 [debug] [MainThread]: Opening a new connection, currently in state closed
[0m11:44:50.503528 [debug] [MainThread]: SQL status: COMMIT in 0.017 seconds
[0m11:44:50.504043 [debug] [MainThread]: On master: Close
[0m11:44:50.504807 [debug] [MainThread]: Connection 'master' was properly closed.
[0m11:44:50.505784 [debug] [MainThread]: Connection 'create_marketpulse_analytics' was properly closed.
[0m11:44:50.506377 [debug] [MainThread]: Connection 'list_marketpulse_analytics' was properly closed.
[0m11:44:50.506922 [debug] [MainThread]: Connection 'model.marketpulse.volatility_metrics' was properly closed.
[0m11:44:50.507282 [debug] [MainThread]: Connection 'model.marketpulse.stg_market_ticks' was properly closed.
[0m11:44:50.507620 [debug] [MainThread]: Connection 'model.marketpulse.moving_averages' was properly closed.
[0m11:44:50.508034 [debug] [MainThread]: Connection 'model.marketpulse.daily_returns' was properly closed.
[0m11:44:50.508529 [info ] [MainThread]: 
[0m11:44:50.508959 [info ] [MainThread]: Finished running 3 table models, 2 view models in 0 hours 0 minutes and 0.96 seconds (0.96s).
[0m11:44:50.510529 [debug] [MainThread]: Command end result
[0m11:44:50.555446 [debug] [MainThread]: Wrote artifact WritableManifest to dbt\target\manifest.json
[0m11:44:50.559885 [debug] [MainThread]: Wrote artifact SemanticManifest to dbt\target\semantic_manifest.json
[0m11:44:50.565359 [debug] [MainThread]: Wrote artifact OsiDocument to dbt\target\osi_document.json
[0m11:44:50.577182 [debug] [MainThread]: Wrote artifact RunExecutionResult to dbt\target\run_results.json
[0m11:44:50.577886 [info ] [MainThread]: 
[0m11:44:50.578989 [info ] [MainThread]: [32mCompleted successfully[0m
[0m11:44:50.579757 [info ] [MainThread]: 
[0m11:44:50.580519 [info ] [MainThread]: Done. PASS=5 WARN=0 ERROR=0 SKIP=0 NO-OP=0 REUSED=0 TOTAL=5
[0m11:44:50.581905 [debug] [MainThread]: Command `dbt run` succeeded at 11:44:50.581662 after 5.95 seconds
[0m11:44:50.582487 [debug] [MainThread]: Sending event: {'category': 'dbt', 'action': 'invocation', 'label': 'end', 'context': [<snowplow_tracker.self_describing_json.SelfDescribingJson object at 0x0000026AD24FB530>, <snowplow_tracker.self_describing_json.SelfDescribingJson object at 0x0000026AD34BFAD0>, <snowplow_tracker.self_describing_json.SelfDescribingJson object at 0x0000026AD35C7D10>]}
[0m11:44:50.582940 [debug] [MainThread]: Flushing usage events
[0m11:44:51.824975 [debug] [MainThread]: An error was encountered while trying to flush usage events
[0m11:45:12.441737 [debug] [MainThread]: Sending event: {'category': 'dbt', 'action': 'invocation', 'label': 'start', 'context': [<snowplow_tracker.self_describing_json.SelfDescribingJson object at 0x00000168BEE53380>, <snowplow_tracker.self_describing_json.SelfDescribingJson object at 0x00000168BC794F50>, <snowplow_tracker.self_describing_json.SelfDescribingJson object at 0x00000168C17FFB10>]}


============================== 11:45:12.447475 | d9d9eafc-646d-4c83-b1ad-3cca67b074b4 ==============================
[0m11:45:12.447475 [info ] [MainThread]: Running with dbt=1.12.0
[0m11:45:12.448959 [debug] [MainThread]: running dbt with arguments {'maximum_seed_size_mib': '1', 'no_print': 'None', 'version_check': 'True', 'warn_error_options': 'WarnErrorOptionsV2(error=[], warn=[], silence=[])', 'static_parser': 'True', 'target_path': 'None', 'printer_width': '80', 'write_json': 'True', 'empty': 'None', 'log_cache_events': 'False', 'introspect': 'True', 'cache_selected_only': 'False', 'fail_fast': 'False', 'debug': 'False', 'log_format': 'default', 'profiles_dir': './dbt', 'send_anonymous_usage_stats': 'True', 'quiet': 'False', 'warn_error': 'None', 'partial_parse': 'True', 'invocation_command': 'dbt test --project-dir dbt', 'hints_enabled': 'True', 'indirect_selection': 'eager', 'use_experimental_parser': 'False', 'use_colors': 'True', 'log_path': 'dbt\\logs'}
[0m11:45:12.735553 [debug] [MainThread]: Sending event: {'category': 'dbt', 'action': 'project_id', 'label': 'd9d9eafc-646d-4c83-b1ad-3cca67b074b4', 'context': [<snowplow_tracker.self_describing_json.SelfDescribingJson object at 0x00000168C17636F0>]}
[0m11:45:12.837316 [debug] [MainThread]: Sending event: {'category': 'dbt', 'action': 'adapter_info', 'label': 'd9d9eafc-646d-4c83-b1ad-3cca67b074b4', 'context': [<snowplow_tracker.self_describing_json.SelfDescribingJson object at 0x00000168BCA2B130>]}
[0m11:45:12.839571 [info ] [MainThread]: Registered adapter: postgres=1.11.0
[0m11:45:13.246627 [debug] [MainThread]: checksum: 5326f82c21c1378b6440efb4cb9444135c552323e395b4a53ef66c4a73371aab, vars: {}, profile: marketpulse, target: dev, version: 1.12.0
[0m11:45:13.506459 [debug] [MainThread]: Partial parsing enabled: 0 files deleted, 0 files added, 0 files changed.
[0m11:45:13.506967 [debug] [MainThread]: Nothing changed, skipping partial parsing.
[0m11:45:13.507348 [debug] [MainThread]: Partial parsing enabled, no changes found, skipping parsing
[0m11:45:13.520437 [debug] [MainThread]: Sending event: {'category': 'dbt', 'action': 'load_project', 'label': 'd9d9eafc-646d-4c83-b1ad-3cca67b074b4', 'context': [<snowplow_tracker.self_describing_json.SelfDescribingJson object at 0x00000168C1F1FC50>]}
[0m11:45:13.732181 [debug] [MainThread]: Wrote artifact WritableManifest to dbt\target\manifest.json
[0m11:45:13.737884 [debug] [MainThread]: Wrote artifact SemanticManifest to dbt\target\semantic_manifest.json
[0m11:45:13.775681 [debug] [MainThread]: Wrote artifact OsiDocument to dbt\target\osi_document.json
[0m11:45:13.808180 [debug] [MainThread]: Sending event: {'category': 'dbt', 'action': 'resource_counts', 'label': 'd9d9eafc-646d-4c83-b1ad-3cca67b074b4', 'context': [<snowplow_tracker.self_describing_json.SelfDescribingJson object at 0x00000168C207EB70>]}
[0m11:45:13.809169 [info ] [MainThread]: Found 5 models, 22 data tests, 2 sources, 477 macros
[0m11:45:13.809871 [debug] [MainThread]: Sending event: {'category': 'dbt', 'action': 'runnable_timing', 'label': 'd9d9eafc-646d-4c83-b1ad-3cca67b074b4', 'context': [<snowplow_tracker.self_describing_json.SelfDescribingJson object at 0x00000168C211B850>]}
[0m11:45:13.815226 [info ] [MainThread]: 
[0m11:45:13.816042 [info ] [MainThread]: Concurrency: 4 threads (target='dev')
[0m11:45:13.816708 [info ] [MainThread]: 
[0m11:45:13.817375 [debug] [MainThread]: Acquiring new postgres connection 'master'
[0m11:45:13.822289 [debug] [ThreadPool]: Acquiring new postgres connection 'list_marketpulse_analytics'
[0m11:45:13.920459 [debug] [ThreadPool]: Using postgres connection "list_marketpulse_analytics"
[0m11:45:13.920986 [debug] [ThreadPool]: On list_marketpulse_analytics: /* {"app": "dbt", "dbt_version": "1.12.0", "profile_name": "marketpulse", "target_name": "dev", "connection_name": "list_marketpulse_analytics"} */
select
      'marketpulse' as database,
      tablename as name,
      schemaname as schema,
      'table' as type
    from pg_tables
    where schemaname ilike 'analytics'
    union all
    select
      'marketpulse' as database,
      viewname as name,
      schemaname as schema,
      'view' as type
    from pg_views
    where schemaname ilike 'analytics'
    union all
    select
      'marketpulse' as database,
      matviewname as name,
      schemaname as schema,
      'materialized_view' as type
    from pg_matviews
    where schemaname ilike 'analytics'
    union all
    select distinct
     'marketpulse' as database,
     proname as name,
     ns.nspname as schema,
     'function' as type
    from pg_proc
     join pg_namespace as ns on pronamespace = ns.oid
    where ns.nspname ilike 'analytics'
  
[0m11:45:13.921403 [debug] [ThreadPool]: Opening a new connection, currently in state init
[0m11:45:13.954975 [debug] [ThreadPool]: SQL status: SELECT 5 in 0.034 seconds
[0m11:45:13.956575 [debug] [ThreadPool]: On list_marketpulse_analytics: ROLLBACK
[0m11:45:13.957814 [debug] [ThreadPool]: On list_marketpulse_analytics: Close
[0m11:45:13.966903 [debug] [MainThread]: Using postgres connection "master"
[0m11:45:13.967682 [debug] [MainThread]: On master: /* {"app": "dbt", "dbt_version": "1.12.0", "profile_name": "marketpulse", "target_name": "dev", "connection_name": "master"} */
select distinct
        dependent_namespace.nspname as dependent_schema,
        dependent_class.relname as dependent_name,
        referenced_namespace.nspname as referenced_schema,
        referenced_class.relname as referenced_name

    -- Query for views: views are entries in pg_class with an entry in pg_rewrite, but we avoid
    -- a seq scan on pg_rewrite by leveraging the fact there is an "internal" row in pg_depend for
    -- the view...
    from pg_class as dependent_class
    join pg_namespace as dependent_namespace on dependent_namespace.oid = dependent_class.relnamespace
    join pg_depend as dependent_depend on dependent_depend.refobjid = dependent_class.oid
        and dependent_depend.classid = 'pg_rewrite'::regclass
        and dependent_depend.refclassid = 'pg_class'::regclass
        and dependent_depend.deptype = 'i'

    -- ... and via pg_depend (that has a row per column, hence the need for "distinct" above, and
    -- making sure to exclude the internal row to avoid a view appearing to depend on itself)...
    join pg_depend as joining_depend on joining_depend.objid = dependent_depend.objid
        and joining_depend.classid = 'pg_rewrite'::regclass
        and joining_depend.refclassid = 'pg_class'::regclass
        and joining_depend.refobjid != dependent_depend.refobjid

    -- ... we can find the tables they query from in pg_class, but excluding system tables. Note we
    -- don't need need to exclude _dependent_ system tables, because they only query from other
    -- system tables, and so are automatically excluded by excluding _referenced_ system tables
    join pg_class as referenced_class on referenced_class.oid = joining_depend.refobjid
    join pg_namespace as referenced_namespace on referenced_namespace.oid = referenced_class.relnamespace
        and referenced_namespace.nspname != 'information_schema'
        and referenced_namespace.nspname not like 'pg\_%'

    order by
        dependent_schema, dependent_name, referenced_schema, referenced_name;
[0m11:45:13.968234 [debug] [MainThread]: Opening a new connection, currently in state init
[0m11:45:13.991779 [debug] [MainThread]: SQL status: SELECT 2 in 0.023 seconds
[0m11:45:13.993547 [debug] [MainThread]: Sending event: {'category': 'dbt', 'action': 'runnable_timing', 'label': 'd9d9eafc-646d-4c83-b1ad-3cca67b074b4', 'context': [<snowplow_tracker.self_describing_json.SelfDescribingJson object at 0x00000168C235A410>]}
[0m11:45:13.994130 [debug] [MainThread]: On master: ROLLBACK
[0m11:45:13.996266 [debug] [MainThread]: On master: COMMIT
[0m11:45:13.997130 [debug] [MainThread]: Using postgres connection "master"
[0m11:45:13.998388 [debug] [MainThread]: On master: COMMIT
[0m11:45:14.000833 [debug] [MainThread]: SQL status: COMMIT in 0.001 seconds
[0m11:45:14.001482 [debug] [MainThread]: On master: Close
[0m11:45:14.008342 [debug] [Thread-4 (]: Began running node test.marketpulse.not_null_moving_averages_close.7976385409
[0m11:45:14.009358 [debug] [Thread-2 (]: Began running node test.marketpulse.not_null_daily_returns_date.10dc2378c6
[0m11:45:14.010029 [debug] [Thread-1 (]: Began running node test.marketpulse.not_null_daily_returns_close.ce51199156
[0m11:45:14.010518 [debug] [Thread-3 (]: Began running node test.marketpulse.not_null_daily_returns_ticker.2a93ed2341
[0m11:45:14.011152 [info ] [Thread-4 (]: 4 of 22 START test not_null_moving_averages_close .............................. [RUN]
[0m11:45:14.012255 [info ] [Thread-2 (]: 2 of 22 START test not_null_daily_returns_date ................................. [RUN]
[0m11:45:14.013206 [info ] [Thread-1 (]: 1 of 22 START test not_null_daily_returns_close ................................ [RUN]
[0m11:45:14.014019 [info ] [Thread-3 (]: 3 of 22 START test not_null_daily_returns_ticker ............................... [RUN]
[0m11:45:14.016062 [debug] [Thread-4 (]: Acquiring new postgres connection 'test.marketpulse.not_null_moving_averages_close.7976385409'
[0m11:45:14.017121 [debug] [Thread-2 (]: Acquiring new postgres connection 'test.marketpulse.not_null_daily_returns_date.10dc2378c6'
[0m11:45:14.017822 [debug] [Thread-1 (]: Acquiring new postgres connection 'test.marketpulse.not_null_daily_returns_close.ce51199156'
[0m11:45:14.018519 [debug] [Thread-3 (]: Acquiring new postgres connection 'test.marketpulse.not_null_daily_returns_ticker.2a93ed2341'
[0m11:45:14.019303 [debug] [Thread-4 (]: Began compiling node test.marketpulse.not_null_moving_averages_close.7976385409
[0m11:45:14.020113 [debug] [Thread-2 (]: Began compiling node test.marketpulse.not_null_daily_returns_date.10dc2378c6
[0m11:45:14.020847 [debug] [Thread-1 (]: Began compiling node test.marketpulse.not_null_daily_returns_close.ce51199156
[0m11:45:14.021322 [debug] [Thread-3 (]: Began compiling node test.marketpulse.not_null_daily_returns_ticker.2a93ed2341
[0m11:45:14.050990 [debug] [Thread-4 (]: Writing injected SQL for node "test.marketpulse.not_null_moving_averages_close.7976385409"
[0m11:45:14.061081 [debug] [Thread-2 (]: Writing injected SQL for node "test.marketpulse.not_null_daily_returns_date.10dc2378c6"
[0m11:45:14.073666 [debug] [Thread-1 (]: Writing injected SQL for node "test.marketpulse.not_null_daily_returns_close.ce51199156"
[0m11:45:14.084756 [debug] [Thread-3 (]: Writing injected SQL for node "test.marketpulse.not_null_daily_returns_ticker.2a93ed2341"
[0m11:45:14.088417 [debug] [Thread-1 (]: Began executing node test.marketpulse.not_null_daily_returns_close.ce51199156
[0m11:45:14.100686 [debug] [Thread-4 (]: Began executing node test.marketpulse.not_null_moving_averages_close.7976385409
[0m11:45:14.120252 [debug] [Thread-4 (]: Writing runtime sql for node "test.marketpulse.not_null_moving_averages_close.7976385409"
[0m11:45:14.122621 [debug] [Thread-1 (]: Writing runtime sql for node "test.marketpulse.not_null_daily_returns_close.ce51199156"
[0m11:45:14.124771 [debug] [Thread-3 (]: Began executing node test.marketpulse.not_null_daily_returns_ticker.2a93ed2341
[0m11:45:14.123690 [debug] [Thread-2 (]: Began executing node test.marketpulse.not_null_daily_returns_date.10dc2378c6
[0m11:45:14.131504 [debug] [Thread-2 (]: Writing runtime sql for node "test.marketpulse.not_null_daily_returns_date.10dc2378c6"
[0m11:45:14.127858 [debug] [Thread-3 (]: Writing runtime sql for node "test.marketpulse.not_null_daily_returns_ticker.2a93ed2341"
[0m11:45:14.133295 [debug] [Thread-1 (]: Using postgres connection "test.marketpulse.not_null_daily_returns_close.ce51199156"
[0m11:45:14.134394 [debug] [Thread-1 (]: On test.marketpulse.not_null_daily_returns_close.ce51199156: /* {"app": "dbt", "dbt_version": "1.12.0", "profile_name": "marketpulse", "target_name": "dev", "node_id": "test.marketpulse.not_null_daily_returns_close.ce51199156"} */

    
    select
      count(*) as failures,
      count(*) != 0 as should_warn,
      count(*) != 0 as should_error
    from (
      
    
  
    
    



select close
from "marketpulse"."analytics"."daily_returns"
where close is null



  
  
      
    ) dbt_internal_test
[0m11:45:14.135237 [debug] [Thread-1 (]: Opening a new connection, currently in state init
[0m11:45:14.136711 [debug] [Thread-4 (]: Using postgres connection "test.marketpulse.not_null_moving_averages_close.7976385409"
[0m11:45:14.139373 [debug] [Thread-4 (]: On test.marketpulse.not_null_moving_averages_close.7976385409: /* {"app": "dbt", "dbt_version": "1.12.0", "profile_name": "marketpulse", "target_name": "dev", "node_id": "test.marketpulse.not_null_moving_averages_close.7976385409"} */

    
    select
      count(*) as failures,
      count(*) != 0 as should_warn,
      count(*) != 0 as should_error
    from (
      
    
  
    
    



select close
from "marketpulse"."analytics"."moving_averages"
where close is null



  
  
      
    ) dbt_internal_test
[0m11:45:14.138424 [debug] [Thread-3 (]: Using postgres connection "test.marketpulse.not_null_daily_returns_ticker.2a93ed2341"
[0m11:45:14.137652 [debug] [Thread-2 (]: Using postgres connection "test.marketpulse.not_null_daily_returns_date.10dc2378c6"
[0m11:45:14.140109 [debug] [Thread-4 (]: Opening a new connection, currently in state init
[0m11:45:14.140973 [debug] [Thread-3 (]: On test.marketpulse.not_null_daily_returns_ticker.2a93ed2341: /* {"app": "dbt", "dbt_version": "1.12.0", "profile_name": "marketpulse", "target_name": "dev", "node_id": "test.marketpulse.not_null_daily_returns_ticker.2a93ed2341"} */

    
    select
      count(*) as failures,
      count(*) != 0 as should_warn,
      count(*) != 0 as should_error
    from (
      
    
  
    
    



select ticker
from "marketpulse"."analytics"."daily_returns"
where ticker is null



  
  
      
    ) dbt_internal_test
[0m11:45:14.143073 [debug] [Thread-3 (]: Opening a new connection, currently in state init
[0m11:45:14.141973 [debug] [Thread-2 (]: On test.marketpulse.not_null_daily_returns_date.10dc2378c6: /* {"app": "dbt", "dbt_version": "1.12.0", "profile_name": "marketpulse", "target_name": "dev", "node_id": "test.marketpulse.not_null_daily_returns_date.10dc2378c6"} */

    
    select
      count(*) as failures,
      count(*) != 0 as should_warn,
      count(*) != 0 as should_error
    from (
      
    
  
    
    



select date
from "marketpulse"."analytics"."daily_returns"
where date is null



  
  
      
    ) dbt_internal_test
[0m11:45:14.144355 [debug] [Thread-2 (]: Opening a new connection, currently in state init
[0m11:45:14.160594 [debug] [Thread-1 (]: SQL status: SELECT 1 in 0.025 seconds
[0m11:45:14.168529 [debug] [Thread-1 (]: On test.marketpulse.not_null_daily_returns_close.ce51199156: ROLLBACK
[0m11:45:14.170130 [debug] [Thread-1 (]: On test.marketpulse.not_null_daily_returns_close.ce51199156: Close
[0m11:45:14.171975 [info ] [Thread-1 (]: 1 of 22 PASS not_null_daily_returns_close ...................................... [[32mPASS[0m in 0.15s]
[0m11:45:14.174694 [debug] [Thread-1 (]: Finished running node test.marketpulse.not_null_daily_returns_close.ce51199156
[0m11:45:14.175482 [debug] [Thread-1 (]: Began running node test.marketpulse.not_null_moving_averages_date.2eb91e4683
[0m11:45:14.178078 [debug] [Thread-4 (]: SQL status: SELECT 1 in 0.038 seconds
[0m11:45:14.173050 [debug] [Thread-3 (]: SQL status: SELECT 1 in 0.030 seconds
[0m11:45:14.176266 [debug] [Thread-2 (]: SQL status: SELECT 1 in 0.032 seconds
[0m11:45:14.177228 [info ] [Thread-1 (]: 5 of 22 START test not_null_moving_averages_date ............................... [RUN]
[0m11:45:14.180989 [debug] [Thread-4 (]: On test.marketpulse.not_null_moving_averages_close.7976385409: ROLLBACK
[0m11:45:14.183369 [debug] [Thread-3 (]: On test.marketpulse.not_null_daily_returns_ticker.2a93ed2341: ROLLBACK
[0m11:45:14.185593 [debug] [Thread-2 (]: On test.marketpulse.not_null_daily_returns_date.10dc2378c6: ROLLBACK
[0m11:45:14.186543 [debug] [Thread-1 (]: Re-using an available connection from the pool (formerly test.marketpulse.not_null_daily_returns_close.ce51199156, now test.marketpulse.not_null_moving_averages_date.2eb91e4683)
[0m11:45:14.187546 [debug] [Thread-1 (]: Began compiling node test.marketpulse.not_null_moving_averages_date.2eb91e4683
[0m11:45:14.197655 [debug] [Thread-3 (]: On test.marketpulse.not_null_daily_returns_ticker.2a93ed2341: Close
[0m11:45:14.201524 [debug] [Thread-1 (]: Writing injected SQL for node "test.marketpulse.not_null_moving_averages_date.2eb91e4683"
[0m11:45:14.199246 [debug] [Thread-2 (]: On test.marketpulse.not_null_daily_returns_date.10dc2378c6: Close
[0m11:45:14.198479 [debug] [Thread-4 (]: On test.marketpulse.not_null_moving_averages_close.7976385409: Close
[0m11:45:14.202647 [info ] [Thread-3 (]: 3 of 22 PASS not_null_daily_returns_ticker ..................................... [[32mPASS[0m in 0.18s]
[0m11:45:14.204744 [debug] [Thread-3 (]: Finished running node test.marketpulse.not_null_daily_returns_ticker.2a93ed2341
[0m11:45:14.208247 [debug] [Thread-3 (]: Began running node test.marketpulse.not_null_moving_averages_ticker.45980fddb8
[0m11:45:14.205927 [info ] [Thread-4 (]: 4 of 22 PASS not_null_moving_averages_close .................................... [[32mPASS[0m in 0.19s]
[0m11:45:14.211569 [debug] [Thread-4 (]: Finished running node test.marketpulse.not_null_moving_averages_close.7976385409
[0m11:45:14.210316 [debug] [Thread-1 (]: Began executing node test.marketpulse.not_null_moving_averages_date.2eb91e4683
[0m11:45:14.208971 [info ] [Thread-3 (]: 6 of 22 START test not_null_moving_averages_ticker ............................. [RUN]
[0m11:45:14.212621 [debug] [Thread-4 (]: Began running node test.marketpulse.not_null_stg_daily_prices_close.d40d7effea
[0m11:45:14.207063 [info ] [Thread-2 (]: 2 of 22 PASS not_null_daily_returns_date ....................................... [[32mPASS[0m in 0.19s]
[0m11:45:14.216641 [debug] [Thread-1 (]: Writing runtime sql for node "test.marketpulse.not_null_moving_averages_date.2eb91e4683"
[0m11:45:14.217652 [debug] [Thread-3 (]: Re-using an available connection from the pool (formerly test.marketpulse.not_null_daily_returns_ticker.2a93ed2341, now test.marketpulse.not_null_moving_averages_ticker.45980fddb8)
[0m11:45:14.218336 [info ] [Thread-4 (]: 7 of 22 START test not_null_stg_daily_prices_close ............................. [RUN]
[0m11:45:14.219433 [debug] [Thread-2 (]: Finished running node test.marketpulse.not_null_daily_returns_date.10dc2378c6
[0m11:45:14.220474 [debug] [Thread-3 (]: Began compiling node test.marketpulse.not_null_moving_averages_ticker.45980fddb8
[0m11:45:14.221388 [debug] [Thread-4 (]: Re-using an available connection from the pool (formerly test.marketpulse.not_null_moving_averages_close.7976385409, now test.marketpulse.not_null_stg_daily_prices_close.d40d7effea)
[0m11:45:14.222356 [debug] [Thread-2 (]: Began running node test.marketpulse.not_null_stg_daily_prices_date.f15fb24543
[0m11:45:14.230141 [debug] [Thread-1 (]: Using postgres connection "test.marketpulse.not_null_moving_averages_date.2eb91e4683"
[0m11:45:14.234014 [debug] [Thread-3 (]: Writing injected SQL for node "test.marketpulse.not_null_moving_averages_ticker.45980fddb8"
[0m11:45:14.234942 [debug] [Thread-4 (]: Began compiling node test.marketpulse.not_null_stg_daily_prices_close.d40d7effea
[0m11:45:14.235969 [info ] [Thread-2 (]: 8 of 22 START test not_null_stg_daily_prices_date .............................. [RUN]
[0m11:45:14.237114 [debug] [Thread-1 (]: On test.marketpulse.not_null_moving_averages_date.2eb91e4683: /* {"app": "dbt", "dbt_version": "1.12.0", "profile_name": "marketpulse", "target_name": "dev", "node_id": "test.marketpulse.not_null_moving_averages_date.2eb91e4683"} */

    
    select
      count(*) as failures,
      count(*) != 0 as should_warn,
      count(*) != 0 as should_error
    from (
      
    
  
    
    



select date
from "marketpulse"."analytics"."moving_averages"
where date is null



  
  
      
    ) dbt_internal_test
[0m11:45:14.247180 [debug] [Thread-4 (]: Writing injected SQL for node "test.marketpulse.not_null_stg_daily_prices_close.d40d7effea"
[0m11:45:14.248193 [debug] [Thread-2 (]: Re-using an available connection from the pool (formerly test.marketpulse.not_null_daily_returns_date.10dc2378c6, now test.marketpulse.not_null_stg_daily_prices_date.f15fb24543)
[0m11:45:14.249979 [debug] [Thread-2 (]: Began compiling node test.marketpulse.not_null_stg_daily_prices_date.f15fb24543
[0m11:45:14.260521 [debug] [Thread-2 (]: Writing injected SQL for node "test.marketpulse.not_null_stg_daily_prices_date.f15fb24543"
[0m11:45:14.249051 [debug] [Thread-1 (]: Opening a new connection, currently in state closed
[0m11:45:14.250774 [debug] [Thread-3 (]: Began executing node test.marketpulse.not_null_moving_averages_ticker.45980fddb8
[0m11:45:14.264854 [debug] [Thread-3 (]: Writing runtime sql for node "test.marketpulse.not_null_moving_averages_ticker.45980fddb8"
[0m11:45:14.266521 [debug] [Thread-2 (]: Began executing node test.marketpulse.not_null_stg_daily_prices_date.f15fb24543
[0m11:45:14.269972 [debug] [Thread-2 (]: Writing runtime sql for node "test.marketpulse.not_null_stg_daily_prices_date.f15fb24543"
[0m11:45:14.270848 [debug] [Thread-3 (]: Using postgres connection "test.marketpulse.not_null_moving_averages_ticker.45980fddb8"
[0m11:45:14.271873 [debug] [Thread-3 (]: On test.marketpulse.not_null_moving_averages_ticker.45980fddb8: /* {"app": "dbt", "dbt_version": "1.12.0", "profile_name": "marketpulse", "target_name": "dev", "node_id": "test.marketpulse.not_null_moving_averages_ticker.45980fddb8"} */

    
    select
      count(*) as failures,
      count(*) != 0 as should_warn,
      count(*) != 0 as should_error
    from (
      
    
  
    
    



select ticker
from "marketpulse"."analytics"."moving_averages"
where ticker is null



  
  
      
    ) dbt_internal_test
[0m11:45:14.273999 [debug] [Thread-3 (]: Opening a new connection, currently in state closed
[0m11:45:14.272758 [debug] [Thread-4 (]: Began executing node test.marketpulse.not_null_stg_daily_prices_close.d40d7effea
[0m11:45:14.278222 [debug] [Thread-4 (]: Writing runtime sql for node "test.marketpulse.not_null_stg_daily_prices_close.d40d7effea"
[0m11:45:14.280184 [debug] [Thread-2 (]: Using postgres connection "test.marketpulse.not_null_stg_daily_prices_date.f15fb24543"
[0m11:45:14.281130 [debug] [Thread-2 (]: On test.marketpulse.not_null_stg_daily_prices_date.f15fb24543: /* {"app": "dbt", "dbt_version": "1.12.0", "profile_name": "marketpulse", "target_name": "dev", "node_id": "test.marketpulse.not_null_stg_daily_prices_date.f15fb24543"} */

    
    select
      count(*) as failures,
      count(*) != 0 as should_warn,
      count(*) != 0 as should_error
    from (
      
    
  
    
    



select date
from "marketpulse"."analytics"."stg_daily_prices"
where date is null



  
  
      
    ) dbt_internal_test
[0m11:45:14.282134 [debug] [Thread-2 (]: Opening a new connection, currently in state closed
[0m11:45:14.283964 [debug] [Thread-4 (]: Using postgres connection "test.marketpulse.not_null_stg_daily_prices_close.d40d7effea"
[0m11:45:14.285089 [debug] [Thread-4 (]: On test.marketpulse.not_null_stg_daily_prices_close.d40d7effea: /* {"app": "dbt", "dbt_version": "1.12.0", "profile_name": "marketpulse", "target_name": "dev", "node_id": "test.marketpulse.not_null_stg_daily_prices_close.d40d7effea"} */

    
    select
      count(*) as failures,
      count(*) != 0 as should_warn,
      count(*) != 0 as should_error
    from (
      
    
  
    
    



select close
from "marketpulse"."analytics"."stg_daily_prices"
where close is null



  
  
      
    ) dbt_internal_test
[0m11:45:14.286278 [debug] [Thread-4 (]: Opening a new connection, currently in state closed
[0m11:45:14.289311 [debug] [Thread-1 (]: SQL status: SELECT 1 in 0.040 seconds
[0m11:45:14.292195 [debug] [Thread-1 (]: On test.marketpulse.not_null_moving_averages_date.2eb91e4683: ROLLBACK
[0m11:45:14.294101 [debug] [Thread-1 (]: On test.marketpulse.not_null_moving_averages_date.2eb91e4683: Close
[0m11:45:14.295621 [info ] [Thread-1 (]: 5 of 22 PASS not_null_moving_averages_date ..................................... [[32mPASS[0m in 0.11s]
[0m11:45:14.296927 [debug] [Thread-1 (]: Finished running node test.marketpulse.not_null_moving_averages_date.2eb91e4683
[0m11:45:14.297931 [debug] [Thread-1 (]: Began running node test.marketpulse.not_null_stg_daily_prices_price_id.d8177fe4bb
[0m11:45:14.298797 [info ] [Thread-1 (]: 9 of 22 START test not_null_stg_daily_prices_price_id .......................... [RUN]
[0m11:45:14.299926 [debug] [Thread-1 (]: Re-using an available connection from the pool (formerly test.marketpulse.not_null_moving_averages_date.2eb91e4683, now test.marketpulse.not_null_stg_daily_prices_price_id.d8177fe4bb)
[0m11:45:14.300753 [debug] [Thread-1 (]: Began compiling node test.marketpulse.not_null_stg_daily_prices_price_id.d8177fe4bb
[0m11:45:14.313785 [debug] [Thread-1 (]: Writing injected SQL for node "test.marketpulse.not_null_stg_daily_prices_price_id.d8177fe4bb"
[0m11:45:14.314843 [debug] [Thread-3 (]: SQL status: SELECT 1 in 0.041 seconds
[0m11:45:14.318185 [debug] [Thread-3 (]: On test.marketpulse.not_null_moving_averages_ticker.45980fddb8: ROLLBACK
[0m11:45:14.319072 [debug] [Thread-2 (]: SQL status: SELECT 1 in 0.037 seconds
[0m11:45:14.321568 [debug] [Thread-2 (]: On test.marketpulse.not_null_stg_daily_prices_date.f15fb24543: ROLLBACK
[0m11:45:14.322089 [debug] [Thread-3 (]: On test.marketpulse.not_null_moving_averages_ticker.45980fddb8: Close
[0m11:45:14.319873 [debug] [Thread-4 (]: SQL status: SELECT 1 in 0.034 seconds
[0m11:45:14.325141 [debug] [Thread-4 (]: On test.marketpulse.not_null_stg_daily_prices_close.d40d7effea: ROLLBACK
[0m11:45:14.326221 [info ] [Thread-3 (]: 6 of 22 PASS not_null_moving_averages_ticker ................................... [[32mPASS[0m in 0.11s]
[0m11:45:14.326957 [debug] [Thread-2 (]: On test.marketpulse.not_null_stg_daily_prices_date.f15fb24543: Close
[0m11:45:14.328061 [debug] [Thread-1 (]: Began executing node test.marketpulse.not_null_stg_daily_prices_price_id.d8177fe4bb
[0m11:45:14.333652 [debug] [Thread-1 (]: Writing runtime sql for node "test.marketpulse.not_null_stg_daily_prices_price_id.d8177fe4bb"
[0m11:45:14.329824 [debug] [Thread-4 (]: On test.marketpulse.not_null_stg_daily_prices_close.d40d7effea: Close
[0m11:45:14.329211 [debug] [Thread-3 (]: Finished running node test.marketpulse.not_null_moving_averages_ticker.45980fddb8
[0m11:45:14.336487 [debug] [Thread-3 (]: Began running node test.marketpulse.not_null_stg_daily_prices_ticker.74fb8a1bbd
[0m11:45:14.334861 [info ] [Thread-2 (]: 8 of 22 PASS not_null_stg_daily_prices_date .................................... [[32mPASS[0m in 0.09s]
[0m11:45:14.340195 [debug] [Thread-2 (]: Finished running node test.marketpulse.not_null_stg_daily_prices_date.f15fb24543
[0m11:45:14.338423 [info ] [Thread-3 (]: 10 of 22 START test not_null_stg_daily_prices_ticker ........................... [RUN]
[0m11:45:14.337770 [info ] [Thread-4 (]: 7 of 22 PASS not_null_stg_daily_prices_close ................................... [[32mPASS[0m in 0.12s]
[0m11:45:14.341032 [debug] [Thread-2 (]: Began running node test.marketpulse.not_null_stg_market_ticks_close.ac0df76ca1
[0m11:45:14.341782 [debug] [Thread-3 (]: Re-using an available connection from the pool (formerly test.marketpulse.not_null_moving_averages_ticker.45980fddb8, now test.marketpulse.not_null_stg_daily_prices_ticker.74fb8a1bbd)
[0m11:45:14.342663 [debug] [Thread-1 (]: Using postgres connection "test.marketpulse.not_null_stg_daily_prices_price_id.d8177fe4bb"
[0m11:45:14.343706 [debug] [Thread-4 (]: Finished running node test.marketpulse.not_null_stg_daily_prices_close.d40d7effea
[0m11:45:14.344371 [info ] [Thread-2 (]: 11 of 22 START test not_null_stg_market_ticks_close ............................ [RUN]
[0m11:45:14.345125 [debug] [Thread-3 (]: Began compiling node test.marketpulse.not_null_stg_daily_prices_ticker.74fb8a1bbd
[0m11:45:14.345746 [debug] [Thread-1 (]: On test.marketpulse.not_null_stg_daily_prices_price_id.d8177fe4bb: /* {"app": "dbt", "dbt_version": "1.12.0", "profile_name": "marketpulse", "target_name": "dev", "node_id": "test.marketpulse.not_null_stg_daily_prices_price_id.d8177fe4bb"} */

    
    select
      count(*) as failures,
      count(*) != 0 as should_warn,
      count(*) != 0 as should_error
    from (
      
    
  
    
    



select price_id
from "marketpulse"."analytics"."stg_daily_prices"
where price_id is null



  
  
      
    ) dbt_internal_test
[0m11:45:14.346471 [debug] [Thread-4 (]: Began running node test.marketpulse.not_null_stg_market_ticks_ticker.a8f2048f9c
[0m11:45:14.347210 [debug] [Thread-2 (]: Re-using an available connection from the pool (formerly test.marketpulse.not_null_stg_daily_prices_date.f15fb24543, now test.marketpulse.not_null_stg_market_ticks_close.ac0df76ca1)
[0m11:45:14.356990 [debug] [Thread-3 (]: Writing injected SQL for node "test.marketpulse.not_null_stg_daily_prices_ticker.74fb8a1bbd"
[0m11:45:14.357643 [debug] [Thread-1 (]: Opening a new connection, currently in state closed
[0m11:45:14.359162 [debug] [Thread-2 (]: Began compiling node test.marketpulse.not_null_stg_market_ticks_close.ac0df76ca1
[0m11:45:14.371757 [debug] [Thread-2 (]: Writing injected SQL for node "test.marketpulse.not_null_stg_market_ticks_close.ac0df76ca1"
[0m11:45:14.358426 [info ] [Thread-4 (]: 12 of 22 START test not_null_stg_market_ticks_ticker ........................... [RUN]
[0m11:45:14.372809 [debug] [Thread-4 (]: Re-using an available connection from the pool (formerly test.marketpulse.not_null_stg_daily_prices_close.d40d7effea, now test.marketpulse.not_null_stg_market_ticks_ticker.a8f2048f9c)
[0m11:45:14.373600 [debug] [Thread-4 (]: Began compiling node test.marketpulse.not_null_stg_market_ticks_ticker.a8f2048f9c
[0m11:45:14.386721 [debug] [Thread-4 (]: Writing injected SQL for node "test.marketpulse.not_null_stg_market_ticks_ticker.a8f2048f9c"
[0m11:45:14.387607 [debug] [Thread-3 (]: Began executing node test.marketpulse.not_null_stg_daily_prices_ticker.74fb8a1bbd
[0m11:45:14.390955 [debug] [Thread-3 (]: Writing runtime sql for node "test.marketpulse.not_null_stg_daily_prices_ticker.74fb8a1bbd"
[0m11:45:14.388197 [debug] [Thread-1 (]: SQL status: SELECT 1 in 0.031 seconds
[0m11:45:14.394845 [debug] [Thread-1 (]: On test.marketpulse.not_null_stg_daily_prices_price_id.d8177fe4bb: ROLLBACK
[0m11:45:14.391952 [debug] [Thread-2 (]: Began executing node test.marketpulse.not_null_stg_market_ticks_close.ac0df76ca1
[0m11:45:14.399582 [debug] [Thread-2 (]: Writing runtime sql for node "test.marketpulse.not_null_stg_market_ticks_close.ac0df76ca1"
[0m11:45:14.395908 [debug] [Thread-4 (]: Began executing node test.marketpulse.not_null_stg_market_ticks_ticker.a8f2048f9c
[0m11:45:14.404061 [debug] [Thread-4 (]: Writing runtime sql for node "test.marketpulse.not_null_stg_market_ticks_ticker.a8f2048f9c"
[0m11:45:14.400535 [debug] [Thread-1 (]: On test.marketpulse.not_null_stg_daily_prices_price_id.d8177fe4bb: Close
[0m11:45:14.405420 [debug] [Thread-3 (]: Using postgres connection "test.marketpulse.not_null_stg_daily_prices_ticker.74fb8a1bbd"
[0m11:45:14.406451 [debug] [Thread-3 (]: On test.marketpulse.not_null_stg_daily_prices_ticker.74fb8a1bbd: /* {"app": "dbt", "dbt_version": "1.12.0", "profile_name": "marketpulse", "target_name": "dev", "node_id": "test.marketpulse.not_null_stg_daily_prices_ticker.74fb8a1bbd"} */

    
    select
      count(*) as failures,
      count(*) != 0 as should_warn,
      count(*) != 0 as should_error
    from (
      
    
  
    
    



select ticker
from "marketpulse"."analytics"."stg_daily_prices"
where ticker is null



  
  
      
    ) dbt_internal_test
[0m11:45:14.407716 [debug] [Thread-3 (]: Opening a new connection, currently in state closed
[0m11:45:14.408826 [info ] [Thread-1 (]: 9 of 22 PASS not_null_stg_daily_prices_price_id ................................ [[32mPASS[0m in 0.11s]
[0m11:45:14.411945 [debug] [Thread-1 (]: Finished running node test.marketpulse.not_null_stg_daily_prices_price_id.d8177fe4bb
[0m11:45:14.410270 [debug] [Thread-2 (]: Using postgres connection "test.marketpulse.not_null_stg_market_ticks_close.ac0df76ca1"
[0m11:45:14.413056 [debug] [Thread-4 (]: Using postgres connection "test.marketpulse.not_null_stg_market_ticks_ticker.a8f2048f9c"
[0m11:45:14.414153 [debug] [Thread-1 (]: Began running node test.marketpulse.not_null_stg_market_ticks_ts.c9f2fe422d
[0m11:45:14.415220 [debug] [Thread-2 (]: On test.marketpulse.not_null_stg_market_ticks_close.ac0df76ca1: /* {"app": "dbt", "dbt_version": "1.12.0", "profile_name": "marketpulse", "target_name": "dev", "node_id": "test.marketpulse.not_null_stg_market_ticks_close.ac0df76ca1"} */

    
    select
      count(*) as failures,
      count(*) != 0 as should_warn,
      count(*) != 0 as should_error
    from (
      
    
  
    
    



select close
from "marketpulse"."analytics"."stg_market_ticks"
where close is null



  
  
      
    ) dbt_internal_test
[0m11:45:14.416648 [debug] [Thread-4 (]: On test.marketpulse.not_null_stg_market_ticks_ticker.a8f2048f9c: /* {"app": "dbt", "dbt_version": "1.12.0", "profile_name": "marketpulse", "target_name": "dev", "node_id": "test.marketpulse.not_null_stg_market_ticks_ticker.a8f2048f9c"} */

    
    select
      count(*) as failures,
      count(*) != 0 as should_warn,
      count(*) != 0 as should_error
    from (
      
    
  
    
    



select ticker
from "marketpulse"."analytics"."stg_market_ticks"
where ticker is null



  
  
      
    ) dbt_internal_test
[0m11:45:14.419875 [debug] [Thread-4 (]: Opening a new connection, currently in state closed
[0m11:45:14.419115 [debug] [Thread-2 (]: Opening a new connection, currently in state closed
[0m11:45:14.418116 [info ] [Thread-1 (]: 13 of 22 START test not_null_stg_market_ticks_ts ............................... [RUN]
[0m11:45:14.421013 [debug] [Thread-1 (]: Re-using an available connection from the pool (formerly test.marketpulse.not_null_stg_daily_prices_price_id.d8177fe4bb, now test.marketpulse.not_null_stg_market_ticks_ts.c9f2fe422d)
[0m11:45:14.421869 [debug] [Thread-1 (]: Began compiling node test.marketpulse.not_null_stg_market_ticks_ts.c9f2fe422d
[0m11:45:14.434590 [debug] [Thread-1 (]: Writing injected SQL for node "test.marketpulse.not_null_stg_market_ticks_ts.c9f2fe422d"
[0m11:45:14.436581 [debug] [Thread-1 (]: Began executing node test.marketpulse.not_null_stg_market_ticks_ts.c9f2fe422d
[0m11:45:14.440234 [debug] [Thread-1 (]: Writing runtime sql for node "test.marketpulse.not_null_stg_market_ticks_ts.c9f2fe422d"
[0m11:45:14.441080 [debug] [Thread-3 (]: SQL status: SELECT 1 in 0.033 seconds
[0m11:45:14.444640 [debug] [Thread-3 (]: On test.marketpulse.not_null_stg_daily_prices_ticker.74fb8a1bbd: ROLLBACK
[0m11:45:14.446065 [debug] [Thread-1 (]: Using postgres connection "test.marketpulse.not_null_stg_market_ticks_ts.c9f2fe422d"
[0m11:45:14.446908 [debug] [Thread-1 (]: On test.marketpulse.not_null_stg_market_ticks_ts.c9f2fe422d: /* {"app": "dbt", "dbt_version": "1.12.0", "profile_name": "marketpulse", "target_name": "dev", "node_id": "test.marketpulse.not_null_stg_market_ticks_ts.c9f2fe422d"} */

    
    select
      count(*) as failures,
      count(*) != 0 as should_warn,
      count(*) != 0 as should_error
    from (
      
    
  
    
    



select ts
from "marketpulse"."analytics"."stg_market_ticks"
where ts is null



  
  
      
    ) dbt_internal_test
[0m11:45:14.447752 [debug] [Thread-1 (]: Opening a new connection, currently in state closed
[0m11:45:14.458376 [debug] [Thread-3 (]: On test.marketpulse.not_null_stg_daily_prices_ticker.74fb8a1bbd: Close
[0m11:45:14.461292 [debug] [Thread-2 (]: SQL status: SELECT 1 in 0.042 seconds
[0m11:45:14.460215 [info ] [Thread-3 (]: 10 of 22 PASS not_null_stg_daily_prices_ticker ................................. [[32mPASS[0m in 0.12s]
[0m11:45:14.462610 [debug] [Thread-4 (]: SQL status: SELECT 1 in 0.043 seconds
[0m11:45:14.465373 [debug] [Thread-2 (]: On test.marketpulse.not_null_stg_market_ticks_close.ac0df76ca1: ROLLBACK
[0m11:45:14.466704 [debug] [Thread-3 (]: Finished running node test.marketpulse.not_null_stg_daily_prices_ticker.74fb8a1bbd
[0m11:45:14.470674 [debug] [Thread-3 (]: Began running node test.marketpulse.not_null_volatility_metrics_date.fbc54644e7
[0m11:45:14.469533 [debug] [Thread-4 (]: On test.marketpulse.not_null_stg_market_ticks_ticker.a8f2048f9c: ROLLBACK
[0m11:45:14.472336 [info ] [Thread-3 (]: 14 of 22 START test not_null_volatility_metrics_date ........................... [RUN]
[0m11:45:14.471554 [debug] [Thread-2 (]: On test.marketpulse.not_null_stg_market_ticks_close.ac0df76ca1: Close
[0m11:45:14.473698 [debug] [Thread-3 (]: Re-using an available connection from the pool (formerly test.marketpulse.not_null_stg_daily_prices_ticker.74fb8a1bbd, now test.marketpulse.not_null_volatility_metrics_date.fbc54644e7)
[0m11:45:14.475873 [debug] [Thread-3 (]: Began compiling node test.marketpulse.not_null_volatility_metrics_date.fbc54644e7
[0m11:45:14.474724 [debug] [Thread-4 (]: On test.marketpulse.not_null_stg_market_ticks_ticker.a8f2048f9c: Close
[0m11:45:14.477026 [info ] [Thread-2 (]: 11 of 22 PASS not_null_stg_market_ticks_close .................................. [[32mPASS[0m in 0.13s]
[0m11:45:14.490634 [debug] [Thread-2 (]: Finished running node test.marketpulse.not_null_stg_market_ticks_close.ac0df76ca1
[0m11:45:14.493673 [debug] [Thread-2 (]: Began running node test.marketpulse.not_null_volatility_metrics_ticker.ba29972e62
[0m11:45:14.488794 [debug] [Thread-3 (]: Writing injected SQL for node "test.marketpulse.not_null_volatility_metrics_date.fbc54644e7"
[0m11:45:14.492453 [info ] [Thread-4 (]: 12 of 22 PASS not_null_stg_market_ticks_ticker ................................. [[32mPASS[0m in 0.12s]
[0m11:45:14.496837 [debug] [Thread-4 (]: Finished running node test.marketpulse.not_null_stg_market_ticks_ticker.a8f2048f9c
[0m11:45:14.494864 [info ] [Thread-2 (]: 15 of 22 START test not_null_volatility_metrics_ticker ......................... [RUN]
[0m11:45:14.498764 [debug] [Thread-2 (]: Re-using an available connection from the pool (formerly test.marketpulse.not_null_stg_market_ticks_close.ac0df76ca1, now test.marketpulse.not_null_volatility_metrics_ticker.ba29972e62)
[0m11:45:14.497849 [debug] [Thread-4 (]: Began running node test.marketpulse.source_not_null_raw_daily_prices_close.b66d00a1ac
[0m11:45:14.499614 [debug] [Thread-2 (]: Began compiling node test.marketpulse.not_null_volatility_metrics_ticker.ba29972e62
[0m11:45:14.500342 [debug] [Thread-1 (]: SQL status: SELECT 1 in 0.053 seconds
[0m11:45:14.501254 [info ] [Thread-4 (]: 16 of 22 START test source_not_null_raw_daily_prices_close ..................... [RUN]
[0m11:45:14.502137 [debug] [Thread-3 (]: Began executing node test.marketpulse.not_null_volatility_metrics_date.fbc54644e7
[0m11:45:14.513300 [debug] [Thread-2 (]: Writing injected SQL for node "test.marketpulse.not_null_volatility_metrics_ticker.ba29972e62"
[0m11:45:14.516220 [debug] [Thread-1 (]: On test.marketpulse.not_null_stg_market_ticks_ts.c9f2fe422d: ROLLBACK
[0m11:45:14.517309 [debug] [Thread-4 (]: Re-using an available connection from the pool (formerly test.marketpulse.not_null_stg_market_ticks_ticker.a8f2048f9c, now test.marketpulse.source_not_null_raw_daily_prices_close.b66d00a1ac)
[0m11:45:14.526710 [debug] [Thread-4 (]: Began compiling node test.marketpulse.source_not_null_raw_daily_prices_close.b66d00a1ac
[0m11:45:14.536850 [debug] [Thread-1 (]: On test.marketpulse.not_null_stg_market_ticks_ts.c9f2fe422d: Close
[0m11:45:14.525391 [debug] [Thread-3 (]: Writing runtime sql for node "test.marketpulse.not_null_volatility_metrics_date.fbc54644e7"
[0m11:45:14.557420 [debug] [Thread-4 (]: Writing injected SQL for node "test.marketpulse.source_not_null_raw_daily_prices_close.b66d00a1ac"
[0m11:45:14.538273 [info ] [Thread-1 (]: 13 of 22 PASS not_null_stg_market_ticks_ts ..................................... [[32mPASS[0m in 0.12s]
[0m11:45:14.554316 [debug] [Thread-2 (]: Began executing node test.marketpulse.not_null_volatility_metrics_ticker.ba29972e62
[0m11:45:14.562965 [debug] [Thread-2 (]: Writing runtime sql for node "test.marketpulse.not_null_volatility_metrics_ticker.ba29972e62"
[0m11:45:14.559011 [debug] [Thread-1 (]: Finished running node test.marketpulse.not_null_stg_market_ticks_ts.c9f2fe422d
[0m11:45:14.564348 [debug] [Thread-1 (]: Began running node test.marketpulse.source_not_null_raw_daily_prices_date.54f43d0f5b
[0m11:45:14.565219 [info ] [Thread-1 (]: 17 of 22 START test source_not_null_raw_daily_prices_date ...................... [RUN]
[0m11:45:14.566301 [debug] [Thread-1 (]: Re-using an available connection from the pool (formerly test.marketpulse.not_null_stg_market_ticks_ts.c9f2fe422d, now test.marketpulse.source_not_null_raw_daily_prices_date.54f43d0f5b)
[0m11:45:14.567098 [debug] [Thread-1 (]: Began compiling node test.marketpulse.source_not_null_raw_daily_prices_date.54f43d0f5b
[0m11:45:14.581104 [debug] [Thread-1 (]: Writing injected SQL for node "test.marketpulse.source_not_null_raw_daily_prices_date.54f43d0f5b"
[0m11:45:14.568033 [debug] [Thread-2 (]: Using postgres connection "test.marketpulse.not_null_volatility_metrics_ticker.ba29972e62"
[0m11:45:14.582139 [debug] [Thread-2 (]: On test.marketpulse.not_null_volatility_metrics_ticker.ba29972e62: /* {"app": "dbt", "dbt_version": "1.12.0", "profile_name": "marketpulse", "target_name": "dev", "node_id": "test.marketpulse.not_null_volatility_metrics_ticker.ba29972e62"} */

    
    select
      count(*) as failures,
      count(*) != 0 as should_warn,
      count(*) != 0 as should_error
    from (
      
    
  
    
    



select ticker
from "marketpulse"."analytics"."volatility_metrics"
where ticker is null



  
  
      
    ) dbt_internal_test
[0m11:45:14.582965 [debug] [Thread-2 (]: Opening a new connection, currently in state closed
[0m11:45:14.584219 [debug] [Thread-1 (]: Began executing node test.marketpulse.source_not_null_raw_daily_prices_date.54f43d0f5b
[0m11:45:14.587763 [debug] [Thread-1 (]: Writing runtime sql for node "test.marketpulse.source_not_null_raw_daily_prices_date.54f43d0f5b"
[0m11:45:14.588663 [debug] [Thread-3 (]: Using postgres connection "test.marketpulse.not_null_volatility_metrics_date.fbc54644e7"
[0m11:45:14.589634 [debug] [Thread-3 (]: On test.marketpulse.not_null_volatility_metrics_date.fbc54644e7: /* {"app": "dbt", "dbt_version": "1.12.0", "profile_name": "marketpulse", "target_name": "dev", "node_id": "test.marketpulse.not_null_volatility_metrics_date.fbc54644e7"} */

    
    select
      count(*) as failures,
      count(*) != 0 as should_warn,
      count(*) != 0 as should_error
    from (
      
    
  
    
    



select date
from "marketpulse"."analytics"."volatility_metrics"
where date is null



  
  
      
    ) dbt_internal_test
[0m11:45:14.590359 [debug] [Thread-3 (]: Opening a new connection, currently in state closed
[0m11:45:14.592042 [debug] [Thread-4 (]: Began executing node test.marketpulse.source_not_null_raw_daily_prices_close.b66d00a1ac
[0m11:45:14.596267 [debug] [Thread-4 (]: Writing runtime sql for node "test.marketpulse.source_not_null_raw_daily_prices_close.b66d00a1ac"
[0m11:45:14.597905 [debug] [Thread-1 (]: Using postgres connection "test.marketpulse.source_not_null_raw_daily_prices_date.54f43d0f5b"
[0m11:45:14.598821 [debug] [Thread-1 (]: On test.marketpulse.source_not_null_raw_daily_prices_date.54f43d0f5b: /* {"app": "dbt", "dbt_version": "1.12.0", "profile_name": "marketpulse", "target_name": "dev", "node_id": "test.marketpulse.source_not_null_raw_daily_prices_date.54f43d0f5b"} */

    
    select
      count(*) as failures,
      count(*) != 0 as should_warn,
      count(*) != 0 as should_error
    from (
      
    
  
    
    



select date
from "marketpulse"."raw"."daily_prices"
where date is null



  
  
      
    ) dbt_internal_test
[0m11:45:14.599865 [debug] [Thread-1 (]: Opening a new connection, currently in state closed
[0m11:45:14.601228 [debug] [Thread-4 (]: Using postgres connection "test.marketpulse.source_not_null_raw_daily_prices_close.b66d00a1ac"
[0m11:45:14.603480 [debug] [Thread-4 (]: On test.marketpulse.source_not_null_raw_daily_prices_close.b66d00a1ac: /* {"app": "dbt", "dbt_version": "1.12.0", "profile_name": "marketpulse", "target_name": "dev", "node_id": "test.marketpulse.source_not_null_raw_daily_prices_close.b66d00a1ac"} */

    
    select
      count(*) as failures,
      count(*) != 0 as should_warn,
      count(*) != 0 as should_error
    from (
      
    
  
    
    



select close
from "marketpulse"."raw"."daily_prices"
where close is null



  
  
      
    ) dbt_internal_test
[0m11:45:14.604366 [debug] [Thread-4 (]: Opening a new connection, currently in state closed
[0m11:45:14.738867 [debug] [Thread-4 (]: SQL status: SELECT 1 in 0.134 seconds
[0m11:45:14.741227 [debug] [Thread-4 (]: On test.marketpulse.source_not_null_raw_daily_prices_close.b66d00a1ac: ROLLBACK
[0m11:45:14.754041 [debug] [Thread-3 (]: SQL status: SELECT 1 in 0.164 seconds
[0m11:45:14.756415 [debug] [Thread-3 (]: On test.marketpulse.not_null_volatility_metrics_date.fbc54644e7: ROLLBACK
[0m11:45:14.757394 [debug] [Thread-2 (]: SQL status: SELECT 1 in 0.174 seconds
[0m11:45:14.761317 [debug] [Thread-2 (]: On test.marketpulse.not_null_volatility_metrics_ticker.ba29972e62: ROLLBACK
[0m11:45:14.758574 [debug] [Thread-4 (]: On test.marketpulse.source_not_null_raw_daily_prices_close.b66d00a1ac: Close
[0m11:45:14.763075 [error] [Thread-4 (]: 16 of 22 FAIL 1 source_not_null_raw_daily_prices_close ......................... [[31mFAIL 1[0m in 0.25s]
[0m11:45:14.764772 [debug] [Thread-4 (]: Finished running node test.marketpulse.source_not_null_raw_daily_prices_close.b66d00a1ac
[0m11:45:14.766504 [debug] [Thread-4 (]: Began running node test.marketpulse.source_not_null_raw_daily_prices_ticker.f54fdf2e37
[0m11:45:14.765584 [debug] [Thread-2 (]: On test.marketpulse.not_null_volatility_metrics_ticker.ba29972e62: Close
[0m11:45:14.767389 [info ] [Thread-4 (]: 18 of 22 START test source_not_null_raw_daily_prices_ticker .................... [RUN]
[0m11:45:14.771887 [debug] [Thread-4 (]: Re-using an available connection from the pool (formerly test.marketpulse.source_not_null_raw_daily_prices_close.b66d00a1ac, now test.marketpulse.source_not_null_raw_daily_prices_ticker.f54fdf2e37)
[0m11:45:14.773931 [debug] [Thread-4 (]: Began compiling node test.marketpulse.source_not_null_raw_daily_prices_ticker.f54fdf2e37
[0m11:45:14.791343 [debug] [Thread-4 (]: Writing injected SQL for node "test.marketpulse.source_not_null_raw_daily_prices_ticker.f54fdf2e37"
[0m11:45:14.792171 [debug] [Thread-3 (]: On test.marketpulse.not_null_volatility_metrics_date.fbc54644e7: Close
[0m11:45:14.773117 [info ] [Thread-2 (]: 15 of 22 PASS not_null_volatility_metrics_ticker ............................... [[32mPASS[0m in 0.27s]
[0m11:45:14.808577 [info ] [Thread-3 (]: 14 of 22 PASS not_null_volatility_metrics_date ................................. [[32mPASS[0m in 0.34s]
[0m11:45:14.811480 [debug] [Thread-2 (]: Finished running node test.marketpulse.not_null_volatility_metrics_ticker.ba29972e62
[0m11:45:14.820218 [debug] [Thread-2 (]: Began running node test.marketpulse.source_not_null_streaming_market_ticks_close.c58078dc3e
[0m11:45:14.819249 [debug] [Thread-3 (]: Finished running node test.marketpulse.not_null_volatility_metrics_date.fbc54644e7
[0m11:45:14.823149 [debug] [Thread-3 (]: Began running node test.marketpulse.source_not_null_streaming_market_ticks_ticker.4749244045
[0m11:45:14.821789 [info ] [Thread-2 (]: 19 of 22 START test source_not_null_streaming_market_ticks_close ............... [RUN]
[0m11:45:14.821051 [debug] [Thread-1 (]: SQL status: SELECT 1 in 0.221 seconds
[0m11:45:14.824367 [info ] [Thread-3 (]: 20 of 22 START test source_not_null_streaming_market_ticks_ticker .............. [RUN]
[0m11:45:14.825603 [debug] [Thread-2 (]: Re-using an available connection from the pool (formerly test.marketpulse.not_null_volatility_metrics_ticker.ba29972e62, now test.marketpulse.source_not_null_streaming_market_ticks_close.c58078dc3e)
[0m11:45:14.828424 [debug] [Thread-1 (]: On test.marketpulse.source_not_null_raw_daily_prices_date.54f43d0f5b: ROLLBACK
[0m11:45:14.832824 [debug] [Thread-3 (]: Re-using an available connection from the pool (formerly test.marketpulse.not_null_volatility_metrics_date.fbc54644e7, now test.marketpulse.source_not_null_streaming_market_ticks_ticker.4749244045)
[0m11:45:14.836045 [debug] [Thread-3 (]: Began compiling node test.marketpulse.source_not_null_streaming_market_ticks_ticker.4749244045
[0m11:45:14.835066 [debug] [Thread-2 (]: Began compiling node test.marketpulse.source_not_null_streaming_market_ticks_close.c58078dc3e
[0m11:45:14.860567 [debug] [Thread-1 (]: On test.marketpulse.source_not_null_raw_daily_prices_date.54f43d0f5b: Close
[0m11:45:14.865200 [debug] [Thread-2 (]: Writing injected SQL for node "test.marketpulse.source_not_null_streaming_market_ticks_close.c58078dc3e"
[0m11:45:14.851588 [debug] [Thread-3 (]: Writing injected SQL for node "test.marketpulse.source_not_null_streaming_market_ticks_ticker.4749244045"
[0m11:45:14.866982 [info ] [Thread-1 (]: 17 of 22 PASS source_not_null_raw_daily_prices_date ............................ [[32mPASS[0m in 0.30s]
[0m11:45:14.868791 [debug] [Thread-1 (]: Finished running node test.marketpulse.source_not_null_raw_daily_prices_date.54f43d0f5b
[0m11:45:14.870866 [debug] [Thread-1 (]: Began running node test.marketpulse.source_not_null_streaming_market_ticks_ts.d9c4be3af3
[0m11:45:14.871949 [debug] [Thread-2 (]: Began executing node test.marketpulse.source_not_null_streaming_market_ticks_close.c58078dc3e
[0m11:45:14.869786 [debug] [Thread-4 (]: Began executing node test.marketpulse.source_not_null_raw_daily_prices_ticker.f54fdf2e37
[0m11:45:14.873128 [info ] [Thread-1 (]: 21 of 22 START test source_not_null_streaming_market_ticks_ts .................. [RUN]
[0m11:45:14.874128 [debug] [Thread-3 (]: Began executing node test.marketpulse.source_not_null_streaming_market_ticks_ticker.4749244045
[0m11:45:14.877685 [debug] [Thread-2 (]: Writing runtime sql for node "test.marketpulse.source_not_null_streaming_market_ticks_close.c58078dc3e"
[0m11:45:14.881292 [debug] [Thread-4 (]: Writing runtime sql for node "test.marketpulse.source_not_null_raw_daily_prices_ticker.f54fdf2e37"
[0m11:45:14.882288 [debug] [Thread-1 (]: Re-using an available connection from the pool (formerly test.marketpulse.source_not_null_raw_daily_prices_date.54f43d0f5b, now test.marketpulse.source_not_null_streaming_market_ticks_ts.d9c4be3af3)
[0m11:45:14.886519 [debug] [Thread-1 (]: Began compiling node test.marketpulse.source_not_null_streaming_market_ticks_ts.d9c4be3af3
[0m11:45:14.885078 [debug] [Thread-3 (]: Writing runtime sql for node "test.marketpulse.source_not_null_streaming_market_ticks_ticker.4749244045"
[0m11:45:14.899485 [debug] [Thread-1 (]: Writing injected SQL for node "test.marketpulse.source_not_null_streaming_market_ticks_ts.d9c4be3af3"
[0m11:45:14.901091 [debug] [Thread-2 (]: Using postgres connection "test.marketpulse.source_not_null_streaming_market_ticks_close.c58078dc3e"
[0m11:45:14.902015 [debug] [Thread-2 (]: On test.marketpulse.source_not_null_streaming_market_ticks_close.c58078dc3e: /* {"app": "dbt", "dbt_version": "1.12.0", "profile_name": "marketpulse", "target_name": "dev", "node_id": "test.marketpulse.source_not_null_streaming_market_ticks_close.c58078dc3e"} */

    
    select
      count(*) as failures,
      count(*) != 0 as should_warn,
      count(*) != 0 as should_error
    from (
      
    
  
    
    



select close
from "marketpulse"."streaming"."market_ticks"
where close is null



  
  
      
    ) dbt_internal_test
[0m11:45:14.904274 [debug] [Thread-2 (]: Opening a new connection, currently in state closed
[0m11:45:14.902945 [debug] [Thread-4 (]: Using postgres connection "test.marketpulse.source_not_null_raw_daily_prices_ticker.f54fdf2e37"
[0m11:45:14.905683 [debug] [Thread-3 (]: Using postgres connection "test.marketpulse.source_not_null_streaming_market_ticks_ticker.4749244045"
[0m11:45:14.907077 [debug] [Thread-1 (]: Began executing node test.marketpulse.source_not_null_streaming_market_ticks_ts.d9c4be3af3
[0m11:45:14.908785 [debug] [Thread-4 (]: On test.marketpulse.source_not_null_raw_daily_prices_ticker.f54fdf2e37: /* {"app": "dbt", "dbt_version": "1.12.0", "profile_name": "marketpulse", "target_name": "dev", "node_id": "test.marketpulse.source_not_null_raw_daily_prices_ticker.f54fdf2e37"} */

    
    select
      count(*) as failures,
      count(*) != 0 as should_warn,
      count(*) != 0 as should_error
    from (
      
    
  
    
    



select ticker
from "marketpulse"."raw"."daily_prices"
where ticker is null



  
  
      
    ) dbt_internal_test
[0m11:45:14.910196 [debug] [Thread-3 (]: On test.marketpulse.source_not_null_streaming_market_ticks_ticker.4749244045: /* {"app": "dbt", "dbt_version": "1.12.0", "profile_name": "marketpulse", "target_name": "dev", "node_id": "test.marketpulse.source_not_null_streaming_market_ticks_ticker.4749244045"} */

    
    select
      count(*) as failures,
      count(*) != 0 as should_warn,
      count(*) != 0 as should_error
    from (
      
    
  
    
    



select ticker
from "marketpulse"."streaming"."market_ticks"
where ticker is null



  
  
      
    ) dbt_internal_test
[0m11:45:14.914741 [debug] [Thread-1 (]: Writing runtime sql for node "test.marketpulse.source_not_null_streaming_market_ticks_ts.d9c4be3af3"
[0m11:45:14.915988 [debug] [Thread-4 (]: Opening a new connection, currently in state closed
[0m11:45:14.917036 [debug] [Thread-3 (]: Opening a new connection, currently in state closed
[0m11:45:14.920151 [debug] [Thread-1 (]: Using postgres connection "test.marketpulse.source_not_null_streaming_market_ticks_ts.d9c4be3af3"
[0m11:45:14.922803 [debug] [Thread-1 (]: On test.marketpulse.source_not_null_streaming_market_ticks_ts.d9c4be3af3: /* {"app": "dbt", "dbt_version": "1.12.0", "profile_name": "marketpulse", "target_name": "dev", "node_id": "test.marketpulse.source_not_null_streaming_market_ticks_ts.d9c4be3af3"} */

    
    select
      count(*) as failures,
      count(*) != 0 as should_warn,
      count(*) != 0 as should_error
    from (
      
    
  
    
    



select ts
from "marketpulse"."streaming"."market_ticks"
where ts is null



  
  
      
    ) dbt_internal_test
[0m11:45:14.924682 [debug] [Thread-1 (]: Opening a new connection, currently in state closed
[0m11:45:14.957154 [debug] [Thread-2 (]: SQL status: SELECT 1 in 0.053 seconds
[0m11:45:14.959805 [debug] [Thread-2 (]: On test.marketpulse.source_not_null_streaming_market_ticks_close.c58078dc3e: ROLLBACK
[0m11:45:14.965119 [debug] [Thread-4 (]: SQL status: SELECT 1 in 0.049 seconds
[0m11:45:14.967982 [debug] [Thread-4 (]: On test.marketpulse.source_not_null_raw_daily_prices_ticker.f54fdf2e37: ROLLBACK
[0m11:45:14.968964 [debug] [Thread-2 (]: On test.marketpulse.source_not_null_streaming_market_ticks_close.c58078dc3e: Close
[0m11:45:14.970465 [info ] [Thread-2 (]: 19 of 22 PASS source_not_null_streaming_market_ticks_close ..................... [[32mPASS[0m in 0.14s]
[0m11:45:14.972069 [debug] [Thread-2 (]: Finished running node test.marketpulse.source_not_null_streaming_market_ticks_close.c58078dc3e
[0m11:45:14.973092 [debug] [Thread-2 (]: Began running node test.marketpulse.unique_stg_daily_prices_price_id.da3aecbed4
[0m11:45:14.974234 [info ] [Thread-2 (]: 22 of 22 START test unique_stg_daily_prices_price_id ........................... [RUN]
[0m11:45:14.975315 [debug] [Thread-2 (]: Re-using an available connection from the pool (formerly test.marketpulse.source_not_null_streaming_market_ticks_close.c58078dc3e, now test.marketpulse.unique_stg_daily_prices_price_id.da3aecbed4)
[0m11:45:14.976230 [debug] [Thread-2 (]: Began compiling node test.marketpulse.unique_stg_daily_prices_price_id.da3aecbed4
[0m11:45:14.996426 [debug] [Thread-2 (]: Writing injected SQL for node "test.marketpulse.unique_stg_daily_prices_price_id.da3aecbed4"
[0m11:45:15.000342 [debug] [Thread-3 (]: SQL status: SELECT 1 in 0.081 seconds
[0m11:45:15.003803 [debug] [Thread-3 (]: On test.marketpulse.source_not_null_streaming_market_ticks_ticker.4749244045: ROLLBACK
[0m11:45:15.004797 [debug] [Thread-4 (]: On test.marketpulse.source_not_null_raw_daily_prices_ticker.f54fdf2e37: Close
[0m11:45:15.007054 [info ] [Thread-4 (]: 18 of 22 PASS source_not_null_raw_daily_prices_ticker .......................... [[32mPASS[0m in 0.24s]
[0m11:45:15.012299 [debug] [Thread-4 (]: Finished running node test.marketpulse.source_not_null_raw_daily_prices_ticker.f54fdf2e37
[0m11:45:15.013310 [debug] [Thread-2 (]: Began executing node test.marketpulse.unique_stg_daily_prices_price_id.da3aecbed4
[0m11:45:15.008657 [debug] [Thread-3 (]: On test.marketpulse.source_not_null_streaming_market_ticks_ticker.4749244045: Close
[0m11:45:15.016943 [debug] [Thread-2 (]: Writing runtime sql for node "test.marketpulse.unique_stg_daily_prices_price_id.da3aecbed4"
[0m11:45:15.019161 [info ] [Thread-3 (]: 20 of 22 PASS source_not_null_streaming_market_ticks_ticker .................... [[32mPASS[0m in 0.19s]
[0m11:45:15.020624 [debug] [Thread-3 (]: Finished running node test.marketpulse.source_not_null_streaming_market_ticks_ticker.4749244045
[0m11:45:15.022138 [debug] [Thread-2 (]: Using postgres connection "test.marketpulse.unique_stg_daily_prices_price_id.da3aecbed4"
[0m11:45:15.023144 [debug] [Thread-2 (]: On test.marketpulse.unique_stg_daily_prices_price_id.da3aecbed4: /* {"app": "dbt", "dbt_version": "1.12.0", "profile_name": "marketpulse", "target_name": "dev", "node_id": "test.marketpulse.unique_stg_daily_prices_price_id.da3aecbed4"} */

    
    select
      count(*) as failures,
      count(*) != 0 as should_warn,
      count(*) != 0 as should_error
    from (
      
    
  
    
    

select
    price_id as unique_field,
    count(*) as n_records

from "marketpulse"."analytics"."stg_daily_prices"
where price_id is not null
group by price_id
having count(*) > 1



  
  
      
    ) dbt_internal_test
[0m11:45:15.023960 [debug] [Thread-2 (]: Opening a new connection, currently in state closed
[0m11:45:15.024678 [debug] [Thread-1 (]: SQL status: SELECT 1 in 0.100 seconds
[0m11:45:15.027382 [debug] [Thread-1 (]: On test.marketpulse.source_not_null_streaming_market_ticks_ts.d9c4be3af3: ROLLBACK
[0m11:45:15.034605 [debug] [Thread-1 (]: On test.marketpulse.source_not_null_streaming_market_ticks_ts.d9c4be3af3: Close
[0m11:45:15.036198 [info ] [Thread-1 (]: 21 of 22 PASS source_not_null_streaming_market_ticks_ts ........................ [[32mPASS[0m in 0.15s]
[0m11:45:15.037520 [debug] [Thread-1 (]: Finished running node test.marketpulse.source_not_null_streaming_market_ticks_ts.d9c4be3af3
[0m11:45:15.096444 [debug] [Thread-2 (]: SQL status: SELECT 1 in 0.072 seconds
[0m11:45:15.099462 [debug] [Thread-2 (]: On test.marketpulse.unique_stg_daily_prices_price_id.da3aecbed4: ROLLBACK
[0m11:45:15.101309 [debug] [Thread-2 (]: On test.marketpulse.unique_stg_daily_prices_price_id.da3aecbed4: Close
[0m11:45:15.102761 [info ] [Thread-2 (]: 22 of 22 PASS unique_stg_daily_prices_price_id ................................. [[32mPASS[0m in 0.13s]
[0m11:45:15.104319 [debug] [Thread-2 (]: Finished running node test.marketpulse.unique_stg_daily_prices_price_id.da3aecbed4
[0m11:45:15.107134 [debug] [MainThread]: On master: COMMIT
[0m11:45:15.108006 [debug] [MainThread]: Using postgres connection "master"
[0m11:45:15.108680 [debug] [MainThread]: On master: COMMIT
[0m11:45:15.109511 [debug] [MainThread]: Opening a new connection, currently in state closed
[0m11:45:15.206545 [debug] [MainThread]: SQL status: COMMIT in 0.097 seconds
[0m11:45:15.207316 [debug] [MainThread]: On master: Close
[0m11:45:15.210008 [debug] [MainThread]: Connection 'master' was properly closed.
[0m11:45:15.210787 [debug] [MainThread]: Connection 'list_marketpulse_analytics' was properly closed.
[0m11:45:15.211786 [debug] [MainThread]: Connection 'test.marketpulse.source_not_null_raw_daily_prices_ticker.f54fdf2e37' was properly closed.
[0m11:45:15.212676 [debug] [MainThread]: Connection 'test.marketpulse.unique_stg_daily_prices_price_id.da3aecbed4' was properly closed.
[0m11:45:15.213793 [debug] [MainThread]: Connection 'test.marketpulse.source_not_null_streaming_market_ticks_ts.d9c4be3af3' was properly closed.
[0m11:45:15.214890 [debug] [MainThread]: Connection 'test.marketpulse.source_not_null_streaming_market_ticks_ticker.4749244045' was properly closed.
[0m11:45:15.215735 [info ] [MainThread]: 
[0m11:45:15.216618 [info ] [MainThread]: Finished running 22 data tests in 0 hours 0 minutes and 1.40 seconds (1.40s).
[0m11:45:15.224788 [debug] [MainThread]: Command end result
[0m11:45:15.319693 [debug] [MainThread]: Wrote artifact WritableManifest to dbt\target\manifest.json
[0m11:45:15.327307 [debug] [MainThread]: Wrote artifact SemanticManifest to dbt\target\semantic_manifest.json
[0m11:45:15.340845 [debug] [MainThread]: Wrote artifact OsiDocument to dbt\target\osi_document.json
[0m11:45:15.369605 [debug] [MainThread]: Wrote artifact RunExecutionResult to dbt\target\run_results.json
[0m11:45:15.370391 [info ] [MainThread]: 
[0m11:45:15.371185 [info ] [MainThread]: [31mCompleted with 1 error, 0 partial successes, and 0 warnings:[0m
[0m11:45:15.372032 [info ] [MainThread]: 
[0m11:45:15.372971 [error] [MainThread]: [[31mERROR[0m]: in test source_not_null_raw_daily_prices_close (models\sources.yml)
[0m11:45:15.374522 [error] [MainThread]:   Got 1 result, configured to fail if != 0
[0m11:45:15.375284 [info ] [MainThread]: 
[0m11:45:15.376905 [info ] [MainThread]:   compiled code at target\compiled\marketpulse\models\sources.yml\source_not_null_raw_daily_prices_close.sql
[0m11:45:15.378631 [info ] [MainThread]: 
[0m11:45:15.379575 [info ] [MainThread]: Done. PASS=21 WARN=0 ERROR=1 SKIP=0 NO-OP=0 REUSED=0 TOTAL=22
[0m11:45:15.381401 [debug] [MainThread]: Command `dbt test` failed at 11:45:15.381163 after 3.14 seconds
[0m11:45:15.382240 [debug] [MainThread]: Sending event: {'category': 'dbt', 'action': 'invocation', 'label': 'end', 'context': [<snowplow_tracker.self_describing_json.SelfDescribingJson object at 0x00000168C2102210>, <snowplow_tracker.self_describing_json.SelfDescribingJson object at 0x00000168C25DD0D0>, <snowplow_tracker.self_describing_json.SelfDescribingJson object at 0x00000168C25DEC50>]}
[0m11:45:15.383158 [debug] [MainThread]: Flushing usage events
[0m11:45:16.428801 [debug] [MainThread]: An error was encountered while trying to flush usage events
[0m11:53:52.248207 [debug] [MainThread]: Sending event: {'category': 'dbt', 'action': 'invocation', 'label': 'start', 'context': [<snowplow_tracker.self_describing_json.SelfDescribingJson object at 0x0000016C7FE93380>, <snowplow_tracker.self_describing_json.SelfDescribingJson object at 0x0000016C7E7A4F50>, <snowplow_tracker.self_describing_json.SelfDescribingJson object at 0x0000016C0380F890>]}


============================== 11:53:52.252484 | e9419b63-06d3-43ba-bf0a-1407205b4380 ==============================
[0m11:53:52.252484 [info ] [MainThread]: Running with dbt=1.12.0
[0m11:53:52.253091 [debug] [MainThread]: running dbt with arguments {'version_check': 'True', 'no_print': 'None', 'maximum_seed_size_mib': '1', 'target_path': 'None', 'warn_error_options': 'WarnErrorOptionsV2(error=[], warn=[], silence=[])', 'static_parser': 'True', 'printer_width': '80', 'write_json': 'True', 'empty': 'False', 'log_cache_events': 'False', 'introspect': 'True', 'cache_selected_only': 'False', 'fail_fast': 'False', 'debug': 'False', 'log_format': 'default', 'partial_parse': 'True', 'send_anonymous_usage_stats': 'True', 'quiet': 'False', 'warn_error': 'None', 'profiles_dir': './dbt', 'use_colors': 'True', 'hints_enabled': 'True', 'invocation_command': 'dbt run --project-dir dbt', 'use_experimental_parser': 'False', 'indirect_selection': 'eager', 'log_path': 'dbt\\logs'}
[0m11:53:52.494538 [debug] [MainThread]: Sending event: {'category': 'dbt', 'action': 'project_id', 'label': 'e9419b63-06d3-43ba-bf0a-1407205b4380', 'context': [<snowplow_tracker.self_describing_json.SelfDescribingJson object at 0x0000016C037736F0>]}
[0m11:53:52.572243 [debug] [MainThread]: Sending event: {'category': 'dbt', 'action': 'adapter_info', 'label': 'e9419b63-06d3-43ba-bf0a-1407205b4380', 'context': [<snowplow_tracker.self_describing_json.SelfDescribingJson object at 0x0000016C7E756250>]}
[0m11:53:52.574158 [info ] [MainThread]: Registered adapter: postgres=1.11.0
[0m11:53:52.962233 [debug] [MainThread]: checksum: 5326f82c21c1378b6440efb4cb9444135c552323e395b4a53ef66c4a73371aab, vars: {}, profile: marketpulse, target: dev, version: 1.12.0
[0m11:53:53.167648 [debug] [MainThread]: Partial parsing enabled: 0 files deleted, 0 files added, 0 files changed.
[0m11:53:53.168045 [debug] [MainThread]: Nothing changed, skipping partial parsing.
[0m11:53:53.168581 [debug] [MainThread]: Partial parsing enabled, no changes found, skipping parsing
[0m11:53:53.182502 [debug] [MainThread]: Sending event: {'category': 'dbt', 'action': 'load_project', 'label': 'e9419b63-06d3-43ba-bf0a-1407205b4380', 'context': [<snowplow_tracker.self_describing_json.SelfDescribingJson object at 0x0000016C03E4BC50>]}
[0m11:53:53.356662 [debug] [MainThread]: Wrote artifact WritableManifest to dbt\target\manifest.json
[0m11:53:53.360175 [debug] [MainThread]: Wrote artifact SemanticManifest to dbt\target\semantic_manifest.json
[0m11:53:53.397563 [debug] [MainThread]: Wrote artifact OsiDocument to dbt\target\osi_document.json
[0m11:53:53.412922 [debug] [MainThread]: Sending event: {'category': 'dbt', 'action': 'resource_counts', 'label': 'e9419b63-06d3-43ba-bf0a-1407205b4380', 'context': [<snowplow_tracker.self_describing_json.SelfDescribingJson object at 0x0000016C03FFCAA0>]}
[0m11:53:53.413441 [info ] [MainThread]: Found 5 models, 22 data tests, 2 sources, 477 macros
[0m11:53:53.414012 [debug] [MainThread]: Sending event: {'category': 'dbt', 'action': 'runnable_timing', 'label': 'e9419b63-06d3-43ba-bf0a-1407205b4380', 'context': [<snowplow_tracker.self_describing_json.SelfDescribingJson object at 0x0000016C03FF3230>]}
[0m11:53:53.416559 [info ] [MainThread]: 
[0m11:53:53.417159 [info ] [MainThread]: Concurrency: 4 threads (target='dev')
[0m11:53:53.417676 [info ] [MainThread]: 
[0m11:53:53.418297 [debug] [MainThread]: Acquiring new postgres connection 'master'
[0m11:53:53.422282 [debug] [ThreadPool]: Acquiring new postgres connection 'list_marketpulse'
[0m11:53:53.526802 [debug] [ThreadPool]: Using postgres connection "list_marketpulse"
[0m11:53:53.527260 [debug] [ThreadPool]: On list_marketpulse: /* {"app": "dbt", "dbt_version": "1.12.0", "profile_name": "marketpulse", "target_name": "dev", "connection_name": "list_marketpulse"} */

    select distinct nspname from pg_namespace
  
[0m11:53:53.527576 [debug] [ThreadPool]: Opening a new connection, currently in state init
[0m11:53:53.549467 [debug] [ThreadPool]: SQL status: SELECT 7 in 0.022 seconds
[0m11:53:53.550642 [debug] [ThreadPool]: On list_marketpulse: Close
[0m11:53:53.552432 [debug] [ThreadPool]: Acquiring new postgres connection 'list_marketpulse_analytics'
[0m11:53:53.558429 [debug] [ThreadPool]: Using postgres connection "list_marketpulse_analytics"
[0m11:53:53.559049 [debug] [ThreadPool]: On list_marketpulse_analytics: /* {"app": "dbt", "dbt_version": "1.12.0", "profile_name": "marketpulse", "target_name": "dev", "connection_name": "list_marketpulse_analytics"} */
select
      'marketpulse' as database,
      tablename as name,
      schemaname as schema,
      'table' as type
    from pg_tables
    where schemaname ilike 'analytics'
    union all
    select
      'marketpulse' as database,
      viewname as name,
      schemaname as schema,
      'view' as type
    from pg_views
    where schemaname ilike 'analytics'
    union all
    select
      'marketpulse' as database,
      matviewname as name,
      schemaname as schema,
      'materialized_view' as type
    from pg_matviews
    where schemaname ilike 'analytics'
    union all
    select distinct
     'marketpulse' as database,
     proname as name,
     ns.nspname as schema,
     'function' as type
    from pg_proc
     join pg_namespace as ns on pronamespace = ns.oid
    where ns.nspname ilike 'analytics'
  
[0m11:53:53.559452 [debug] [ThreadPool]: Opening a new connection, currently in state init
[0m11:53:53.579803 [debug] [ThreadPool]: SQL status: SELECT 5 in 0.020 seconds
[0m11:53:53.581102 [debug] [ThreadPool]: On list_marketpulse_analytics: ROLLBACK
[0m11:53:53.581960 [debug] [ThreadPool]: On list_marketpulse_analytics: Close
[0m11:53:53.586889 [debug] [MainThread]: Using postgres connection "master"
[0m11:53:53.587303 [debug] [MainThread]: On master: /* {"app": "dbt", "dbt_version": "1.12.0", "profile_name": "marketpulse", "target_name": "dev", "connection_name": "master"} */
select distinct
        dependent_namespace.nspname as dependent_schema,
        dependent_class.relname as dependent_name,
        referenced_namespace.nspname as referenced_schema,
        referenced_class.relname as referenced_name

    -- Query for views: views are entries in pg_class with an entry in pg_rewrite, but we avoid
    -- a seq scan on pg_rewrite by leveraging the fact there is an "internal" row in pg_depend for
    -- the view...
    from pg_class as dependent_class
    join pg_namespace as dependent_namespace on dependent_namespace.oid = dependent_class.relnamespace
    join pg_depend as dependent_depend on dependent_depend.refobjid = dependent_class.oid
        and dependent_depend.classid = 'pg_rewrite'::regclass
        and dependent_depend.refclassid = 'pg_class'::regclass
        and dependent_depend.deptype = 'i'

    -- ... and via pg_depend (that has a row per column, hence the need for "distinct" above, and
    -- making sure to exclude the internal row to avoid a view appearing to depend on itself)...
    join pg_depend as joining_depend on joining_depend.objid = dependent_depend.objid
        and joining_depend.classid = 'pg_rewrite'::regclass
        and joining_depend.refclassid = 'pg_class'::regclass
        and joining_depend.refobjid != dependent_depend.refobjid

    -- ... we can find the tables they query from in pg_class, but excluding system tables. Note we
    -- don't need need to exclude _dependent_ system tables, because they only query from other
    -- system tables, and so are automatically excluded by excluding _referenced_ system tables
    join pg_class as referenced_class on referenced_class.oid = joining_depend.refobjid
    join pg_namespace as referenced_namespace on referenced_namespace.oid = referenced_class.relnamespace
        and referenced_namespace.nspname != 'information_schema'
        and referenced_namespace.nspname not like 'pg\_%'

    order by
        dependent_schema, dependent_name, referenced_schema, referenced_name;
[0m11:53:53.587696 [debug] [MainThread]: Opening a new connection, currently in state init
[0m11:53:53.602786 [debug] [MainThread]: SQL status: SELECT 2 in 0.015 seconds
[0m11:53:53.603941 [debug] [MainThread]: Sending event: {'category': 'dbt', 'action': 'runnable_timing', 'label': 'e9419b63-06d3-43ba-bf0a-1407205b4380', 'context': [<snowplow_tracker.self_describing_json.SelfDescribingJson object at 0x0000016C04354390>]}
[0m11:53:53.604407 [debug] [MainThread]: On master: ROLLBACK
[0m11:53:53.605361 [debug] [MainThread]: On master: COMMIT
[0m11:53:53.605880 [debug] [MainThread]: Using postgres connection "master"
[0m11:53:53.606328 [debug] [MainThread]: On master: COMMIT
[0m11:53:53.607505 [debug] [MainThread]: SQL status: COMMIT in 0.001 seconds
[0m11:53:53.607838 [debug] [MainThread]: On master: Close
[0m11:53:53.613213 [debug] [Thread-1 (]: Began running node model.marketpulse.stg_daily_prices
[0m11:53:53.614366 [debug] [Thread-2 (]: Began running node model.marketpulse.stg_market_ticks
[0m11:53:53.613870 [info ] [Thread-1 (]: 1 of 5 START sql view model analytics.stg_daily_prices ......................... [RUN]
[0m11:53:53.615727 [debug] [Thread-1 (]: Acquiring new postgres connection 'model.marketpulse.stg_daily_prices'
[0m11:53:53.616366 [debug] [Thread-1 (]: Began compiling node model.marketpulse.stg_daily_prices
[0m11:53:53.625284 [debug] [Thread-1 (]: Writing injected SQL for node "model.marketpulse.stg_daily_prices"
[0m11:53:53.614929 [info ] [Thread-2 (]: 2 of 5 START sql view model analytics.stg_market_ticks ......................... [RUN]
[0m11:53:53.625995 [debug] [Thread-2 (]: Acquiring new postgres connection 'model.marketpulse.stg_market_ticks'
[0m11:53:53.627554 [debug] [Thread-2 (]: Began compiling node model.marketpulse.stg_market_ticks
[0m11:53:53.630096 [debug] [Thread-2 (]: Writing injected SQL for node "model.marketpulse.stg_market_ticks"
[0m11:53:53.630981 [debug] [Thread-1 (]: Began executing node model.marketpulse.stg_daily_prices
[0m11:53:53.679035 [debug] [Thread-1 (]: Writing runtime sql for node "model.marketpulse.stg_daily_prices"
[0m11:53:53.679863 [debug] [Thread-2 (]: Began executing node model.marketpulse.stg_market_ticks
[0m11:53:53.683239 [debug] [Thread-2 (]: Writing runtime sql for node "model.marketpulse.stg_market_ticks"
[0m11:53:53.684641 [debug] [Thread-1 (]: Using postgres connection "model.marketpulse.stg_daily_prices"
[0m11:53:53.685244 [debug] [Thread-1 (]: On model.marketpulse.stg_daily_prices: /* {"app": "dbt", "dbt_version": "1.12.0", "profile_name": "marketpulse", "target_name": "dev", "node_id": "model.marketpulse.stg_daily_prices"} */

  create view "marketpulse"."analytics"."stg_daily_prices__dbt_tmp"
    
    
  as (
    -- Staging layer: cleaned daily prices from raw batch data

select
    ticker || '_' || date::text as price_id,
    ticker,
    date::date as date,
    open,
    high,
    low,
    close,
    adj_close as adjusted_close,
    volume,
    ingested_at
from "marketpulse"."raw"."daily_prices"
where close is not null
  and close > 0
  );
[0m11:53:53.686256 [debug] [Thread-1 (]: Opening a new connection, currently in state init
[0m11:53:53.685830 [debug] [Thread-2 (]: Using postgres connection "model.marketpulse.stg_market_ticks"
[0m11:53:53.686776 [debug] [Thread-2 (]: On model.marketpulse.stg_market_ticks: /* {"app": "dbt", "dbt_version": "1.12.0", "profile_name": "marketpulse", "target_name": "dev", "node_id": "model.marketpulse.stg_market_ticks"} */

  create view "marketpulse"."analytics"."stg_market_ticks__dbt_tmp"
    
    
  as (
    -- Staging layer: cleaned intraday ticks from streaming pipeline

select
    id,
    ticker,
    ts::timestamptz as ts,
    date(ts) as tick_date,
    extract(hour from ts)::int as tick_hour,
    open,
    high,
    low,
    close,
    volume,
    produced_at,
    consumed_at
from "marketpulse"."streaming"."market_ticks"
where close is not null
  and close > 0
  );
[0m11:53:53.687133 [debug] [Thread-2 (]: Opening a new connection, currently in state init
[0m11:53:53.704807 [debug] [Thread-1 (]: SQL status: CREATE VIEW in 0.018 seconds
[0m11:53:53.710746 [debug] [Thread-1 (]: Using postgres connection "model.marketpulse.stg_daily_prices"
[0m11:53:53.711170 [debug] [Thread-1 (]: On model.marketpulse.stg_daily_prices: /* {"app": "dbt", "dbt_version": "1.12.0", "profile_name": "marketpulse", "target_name": "dev", "node_id": "model.marketpulse.stg_daily_prices"} */
alter table "marketpulse"."analytics"."stg_daily_prices" rename to "stg_daily_prices__dbt_backup"
[0m11:53:53.705246 [debug] [Thread-2 (]: SQL status: CREATE VIEW in 0.018 seconds
[0m11:53:53.713273 [debug] [Thread-2 (]: Using postgres connection "model.marketpulse.stg_market_ticks"
[0m11:53:53.714006 [debug] [Thread-2 (]: On model.marketpulse.stg_market_ticks: /* {"app": "dbt", "dbt_version": "1.12.0", "profile_name": "marketpulse", "target_name": "dev", "node_id": "model.marketpulse.stg_market_ticks"} */
alter table "marketpulse"."analytics"."stg_market_ticks" rename to "stg_market_ticks__dbt_backup"
[0m11:53:53.713665 [debug] [Thread-1 (]: SQL status: ALTER TABLE in 0.002 seconds
[0m11:53:53.715986 [debug] [Thread-1 (]: Using postgres connection "model.marketpulse.stg_daily_prices"
[0m11:53:53.716732 [debug] [Thread-1 (]: On model.marketpulse.stg_daily_prices: /* {"app": "dbt", "dbt_version": "1.12.0", "profile_name": "marketpulse", "target_name": "dev", "node_id": "model.marketpulse.stg_daily_prices"} */
alter table "marketpulse"."analytics"."stg_daily_prices__dbt_tmp" rename to "stg_daily_prices"
[0m11:53:53.716388 [debug] [Thread-2 (]: SQL status: ALTER TABLE in 0.002 seconds
[0m11:53:53.718720 [debug] [Thread-2 (]: Using postgres connection "model.marketpulse.stg_market_ticks"
[0m11:53:53.719442 [debug] [Thread-2 (]: On model.marketpulse.stg_market_ticks: /* {"app": "dbt", "dbt_version": "1.12.0", "profile_name": "marketpulse", "target_name": "dev", "node_id": "model.marketpulse.stg_market_ticks"} */
alter table "marketpulse"."analytics"."stg_market_ticks__dbt_tmp" rename to "stg_market_ticks"
[0m11:53:53.719104 [debug] [Thread-1 (]: SQL status: ALTER TABLE in 0.002 seconds
[0m11:53:53.723298 [debug] [Thread-2 (]: SQL status: ALTER TABLE in 0.003 seconds
[0m11:53:53.738750 [debug] [Thread-2 (]: On model.marketpulse.stg_market_ticks: COMMIT
[0m11:53:53.737190 [debug] [Thread-1 (]: On model.marketpulse.stg_daily_prices: COMMIT
[0m11:53:53.739487 [debug] [Thread-1 (]: Using postgres connection "model.marketpulse.stg_daily_prices"
[0m11:53:53.739825 [debug] [Thread-1 (]: On model.marketpulse.stg_daily_prices: COMMIT
[0m11:53:53.739130 [debug] [Thread-2 (]: Using postgres connection "model.marketpulse.stg_market_ticks"
[0m11:53:53.740228 [debug] [Thread-2 (]: On model.marketpulse.stg_market_ticks: COMMIT
[0m11:53:53.742000 [debug] [Thread-1 (]: SQL status: COMMIT in 0.002 seconds
[0m11:53:53.747219 [debug] [Thread-1 (]: Applying DROP to: "marketpulse"."analytics"."stg_daily_prices__dbt_backup"
[0m11:53:53.751843 [debug] [Thread-1 (]: Using postgres connection "model.marketpulse.stg_daily_prices"
[0m11:53:53.752645 [debug] [Thread-1 (]: On model.marketpulse.stg_daily_prices: /* {"app": "dbt", "dbt_version": "1.12.0", "profile_name": "marketpulse", "target_name": "dev", "node_id": "model.marketpulse.stg_daily_prices"} */
drop view if exists "marketpulse"."analytics"."stg_daily_prices__dbt_backup" cascade
[0m11:53:53.752245 [debug] [Thread-2 (]: SQL status: COMMIT in 0.012 seconds
[0m11:53:53.754608 [debug] [Thread-2 (]: Applying DROP to: "marketpulse"."analytics"."stg_market_ticks__dbt_backup"
[0m11:53:53.755550 [debug] [Thread-2 (]: Using postgres connection "model.marketpulse.stg_market_ticks"
[0m11:53:53.755907 [debug] [Thread-2 (]: On model.marketpulse.stg_market_ticks: /* {"app": "dbt", "dbt_version": "1.12.0", "profile_name": "marketpulse", "target_name": "dev", "node_id": "model.marketpulse.stg_market_ticks"} */
drop view if exists "marketpulse"."analytics"."stg_market_ticks__dbt_backup" cascade
[0m11:53:53.759067 [debug] [Thread-1 (]: SQL status: DROP VIEW in 0.006 seconds
[0m11:53:53.761417 [debug] [Thread-1 (]: On model.marketpulse.stg_daily_prices: Close
[0m11:53:53.761818 [debug] [Thread-2 (]: SQL status: DROP VIEW in 0.006 seconds
[0m11:53:53.763697 [debug] [Thread-2 (]: On model.marketpulse.stg_market_ticks: Close
[0m11:53:53.766485 [debug] [Thread-1 (]: Sending event: {'category': 'dbt', 'action': 'run_model', 'label': 'e9419b63-06d3-43ba-bf0a-1407205b4380', 'context': [<snowplow_tracker.self_describing_json.SelfDescribingJson object at 0x0000016C04315610>]}
[0m11:53:53.766928 [debug] [Thread-2 (]: Sending event: {'category': 'dbt', 'action': 'run_model', 'label': 'e9419b63-06d3-43ba-bf0a-1407205b4380', 'context': [<snowplow_tracker.self_describing_json.SelfDescribingJson object at 0x0000016C013D9650>]}
[0m11:53:53.767546 [info ] [Thread-1 (]: 1 of 5 OK created sql view model analytics.stg_daily_prices .................... [[32mCREATE VIEW[0m in 0.15s]
[0m11:53:53.769096 [debug] [Thread-1 (]: Finished running node model.marketpulse.stg_daily_prices
[0m11:53:53.768175 [info ] [Thread-2 (]: 2 of 5 OK created sql view model analytics.stg_market_ticks .................... [[32mCREATE VIEW[0m in 0.14s]
[0m11:53:53.770517 [debug] [Thread-2 (]: Finished running node model.marketpulse.stg_market_ticks
[0m11:53:53.770012 [debug] [Thread-3 (]: Began running node model.marketpulse.daily_returns
[0m11:53:53.770893 [debug] [Thread-4 (]: Began running node model.marketpulse.moving_averages
[0m11:53:53.771442 [info ] [Thread-3 (]: 3 of 5 START sql table model analytics.daily_returns ........................... [RUN]
[0m11:53:53.772730 [debug] [Thread-3 (]: Acquiring new postgres connection 'model.marketpulse.daily_returns'
[0m11:53:53.773204 [debug] [Thread-3 (]: Began compiling node model.marketpulse.daily_returns
[0m11:53:53.777213 [debug] [Thread-3 (]: Writing injected SQL for node "model.marketpulse.daily_returns"
[0m11:53:53.771944 [info ] [Thread-4 (]: 4 of 5 START sql table model analytics.moving_averages ......................... [RUN]
[0m11:53:53.780096 [debug] [Thread-4 (]: Acquiring new postgres connection 'model.marketpulse.moving_averages'
[0m11:53:53.781402 [debug] [Thread-4 (]: Began compiling node model.marketpulse.moving_averages
[0m11:53:53.785095 [debug] [Thread-4 (]: Writing injected SQL for node "model.marketpulse.moving_averages"
[0m11:53:53.785968 [debug] [Thread-3 (]: Began executing node model.marketpulse.daily_returns
[0m11:53:53.815857 [debug] [Thread-3 (]: Writing runtime sql for node "model.marketpulse.daily_returns"
[0m11:53:53.816805 [debug] [Thread-4 (]: Began executing node model.marketpulse.moving_averages
[0m11:53:53.821413 [debug] [Thread-4 (]: Writing runtime sql for node "model.marketpulse.moving_averages"
[0m11:53:53.822333 [debug] [Thread-3 (]: Using postgres connection "model.marketpulse.daily_returns"
[0m11:53:53.823014 [debug] [Thread-3 (]: On model.marketpulse.daily_returns: /* {"app": "dbt", "dbt_version": "1.12.0", "profile_name": "marketpulse", "target_name": "dev", "node_id": "model.marketpulse.daily_returns"} */

  
    

  create  table "marketpulse"."analytics"."daily_returns__dbt_tmp"
  
  
    as
  
  (
    -- Mart: daily returns — primary feature table for ML forecasting

select
    ticker,
    date,
    open,
    high,
    low,
    close,
    volume,
    lag(close) over (
        partition by ticker
        order by date
    ) as prev_close,
    (close - lag(close) over (
        partition by ticker
        order by date
    )) / nullif(lag(close) over (
        partition by ticker
        order by date
    ), 0) as daily_return,
    case
        when (close - lag(close) over (
            partition by ticker
            order by date
        )) / nullif(lag(close) over (
            partition by ticker
            order by date
        ), 0) > 0 then true
        else false
    end as is_positive
from "marketpulse"."analytics"."stg_daily_prices"
  );
  
[0m11:53:53.823503 [debug] [Thread-3 (]: Opening a new connection, currently in state init
[0m11:53:53.824296 [debug] [Thread-4 (]: Using postgres connection "model.marketpulse.moving_averages"
[0m11:53:53.824842 [debug] [Thread-4 (]: On model.marketpulse.moving_averages: /* {"app": "dbt", "dbt_version": "1.12.0", "profile_name": "marketpulse", "target_name": "dev", "node_id": "model.marketpulse.moving_averages"} */

  
    

  create  table "marketpulse"."analytics"."moving_averages__dbt_tmp"
  
  
    as
  
  (
    -- Mart: moving averages and price-vs-MA ratio

select
    ticker,
    date,
    close,
    avg(close) over (
        partition by ticker
        order by date
        rows between 6 preceding and current row
    ) as ma_7,
    avg(close) over (
        partition by ticker
        order by date
        rows between 19 preceding and current row
    ) as ma_20,
    avg(close) over (
        partition by ticker
        order by date
        rows between 49 preceding and current row
    ) as ma_50,
    close / nullif(avg(close) over (
        partition by ticker
        order by date
        rows between 19 preceding and current row
    ), 0) as price_vs_ma20
from "marketpulse"."analytics"."stg_daily_prices"
  );
  
[0m11:53:53.825602 [debug] [Thread-4 (]: Opening a new connection, currently in state init
[0m11:53:53.875799 [debug] [Thread-3 (]: SQL status: SELECT 6005 in 0.052 seconds
[0m11:53:53.884457 [debug] [Thread-3 (]: Using postgres connection "model.marketpulse.daily_returns"
[0m11:53:53.884878 [debug] [Thread-3 (]: On model.marketpulse.daily_returns: /* {"app": "dbt", "dbt_version": "1.12.0", "profile_name": "marketpulse", "target_name": "dev", "node_id": "model.marketpulse.daily_returns"} */
alter table "marketpulse"."analytics"."daily_returns" rename to "daily_returns__dbt_backup"
[0m11:53:53.886176 [debug] [Thread-3 (]: SQL status: ALTER TABLE in 0.001 seconds
[0m11:53:53.888348 [debug] [Thread-3 (]: Using postgres connection "model.marketpulse.daily_returns"
[0m11:53:53.888759 [debug] [Thread-3 (]: On model.marketpulse.daily_returns: /* {"app": "dbt", "dbt_version": "1.12.0", "profile_name": "marketpulse", "target_name": "dev", "node_id": "model.marketpulse.daily_returns"} */
alter table "marketpulse"."analytics"."daily_returns__dbt_tmp" rename to "daily_returns"
[0m11:53:53.890081 [debug] [Thread-3 (]: SQL status: ALTER TABLE in 0.001 seconds
[0m11:53:53.892522 [debug] [Thread-3 (]: On model.marketpulse.daily_returns: COMMIT
[0m11:53:53.893491 [debug] [Thread-3 (]: Using postgres connection "model.marketpulse.daily_returns"
[0m11:53:53.893879 [debug] [Thread-3 (]: On model.marketpulse.daily_returns: COMMIT
[0m11:53:53.893083 [debug] [Thread-4 (]: SQL status: SELECT 6005 in 0.068 seconds
[0m11:53:53.897489 [debug] [Thread-4 (]: Using postgres connection "model.marketpulse.moving_averages"
[0m11:53:53.898164 [debug] [Thread-4 (]: On model.marketpulse.moving_averages: /* {"app": "dbt", "dbt_version": "1.12.0", "profile_name": "marketpulse", "target_name": "dev", "node_id": "model.marketpulse.moving_averages"} */
alter table "marketpulse"."analytics"."moving_averages" rename to "moving_averages__dbt_backup"
[0m11:53:53.899405 [debug] [Thread-3 (]: SQL status: COMMIT in 0.005 seconds
[0m11:53:53.901687 [debug] [Thread-3 (]: Applying DROP to: "marketpulse"."analytics"."daily_returns__dbt_backup"
[0m11:53:53.899930 [debug] [Thread-4 (]: SQL status: ALTER TABLE in 0.001 seconds
[0m11:53:53.904701 [debug] [Thread-3 (]: Using postgres connection "model.marketpulse.daily_returns"
[0m11:53:53.908201 [debug] [Thread-3 (]: On model.marketpulse.daily_returns: /* {"app": "dbt", "dbt_version": "1.12.0", "profile_name": "marketpulse", "target_name": "dev", "node_id": "model.marketpulse.daily_returns"} */
drop table if exists "marketpulse"."analytics"."daily_returns__dbt_backup" cascade
[0m11:53:53.907593 [debug] [Thread-4 (]: Using postgres connection "model.marketpulse.moving_averages"
[0m11:53:53.908964 [debug] [Thread-4 (]: On model.marketpulse.moving_averages: /* {"app": "dbt", "dbt_version": "1.12.0", "profile_name": "marketpulse", "target_name": "dev", "node_id": "model.marketpulse.moving_averages"} */
alter table "marketpulse"."analytics"."moving_averages__dbt_tmp" rename to "moving_averages"
[0m11:53:53.910480 [debug] [Thread-4 (]: SQL status: ALTER TABLE in 0.001 seconds
[0m11:53:53.912752 [debug] [Thread-4 (]: On model.marketpulse.moving_averages: COMMIT
[0m11:53:53.913775 [debug] [Thread-4 (]: Using postgres connection "model.marketpulse.moving_averages"
[0m11:53:53.914229 [debug] [Thread-4 (]: On model.marketpulse.moving_averages: COMMIT
[0m11:53:53.913293 [debug] [Thread-3 (]: SQL status: DROP TABLE in 0.004 seconds
[0m11:53:53.916096 [debug] [Thread-3 (]: On model.marketpulse.daily_returns: Close
[0m11:53:53.916636 [debug] [Thread-4 (]: SQL status: COMMIT in 0.002 seconds
[0m11:53:53.918946 [debug] [Thread-4 (]: Applying DROP to: "marketpulse"."analytics"."moving_averages__dbt_backup"
[0m11:53:53.921007 [debug] [Thread-4 (]: Using postgres connection "model.marketpulse.moving_averages"
[0m11:53:53.919865 [debug] [Thread-3 (]: Sending event: {'category': 'dbt', 'action': 'run_model', 'label': 'e9419b63-06d3-43ba-bf0a-1407205b4380', 'context': [<snowplow_tracker.self_describing_json.SelfDescribingJson object at 0x0000016C042D3390>]}
[0m11:53:53.921616 [debug] [Thread-4 (]: On model.marketpulse.moving_averages: /* {"app": "dbt", "dbt_version": "1.12.0", "profile_name": "marketpulse", "target_name": "dev", "node_id": "model.marketpulse.moving_averages"} */
drop table if exists "marketpulse"."analytics"."moving_averages__dbt_backup" cascade
[0m11:53:53.922445 [info ] [Thread-3 (]: 3 of 5 OK created sql table model analytics.daily_returns ...................... [[32mSELECT 6005[0m in 0.15s]
[0m11:53:53.923348 [debug] [Thread-3 (]: Finished running node model.marketpulse.daily_returns
[0m11:53:53.924251 [debug] [Thread-1 (]: Began running node model.marketpulse.volatility_metrics
[0m11:53:53.924912 [info ] [Thread-1 (]: 5 of 5 START sql table model analytics.volatility_metrics ...................... [RUN]
[0m11:53:53.925848 [debug] [Thread-1 (]: Re-using an available connection from the pool (formerly model.marketpulse.stg_daily_prices, now model.marketpulse.volatility_metrics)
[0m11:53:53.926971 [debug] [Thread-1 (]: Began compiling node model.marketpulse.volatility_metrics
[0m11:53:53.930026 [debug] [Thread-1 (]: Writing injected SQL for node "model.marketpulse.volatility_metrics"
[0m11:53:53.926523 [debug] [Thread-4 (]: SQL status: DROP TABLE in 0.004 seconds
[0m11:53:53.931895 [debug] [Thread-4 (]: On model.marketpulse.moving_averages: Close
[0m11:53:53.932682 [debug] [Thread-4 (]: Sending event: {'category': 'dbt', 'action': 'run_model', 'label': 'e9419b63-06d3-43ba-bf0a-1407205b4380', 'context': [<snowplow_tracker.self_describing_json.SelfDescribingJson object at 0x0000016C042DECD0>]}
[0m11:53:53.933351 [info ] [Thread-4 (]: 4 of 5 OK created sql table model analytics.moving_averages .................... [[32mSELECT 6005[0m in 0.15s]
[0m11:53:53.934322 [debug] [Thread-4 (]: Finished running node model.marketpulse.moving_averages
[0m11:53:53.934915 [debug] [Thread-1 (]: Began executing node model.marketpulse.volatility_metrics
[0m11:53:53.938065 [debug] [Thread-1 (]: Writing runtime sql for node "model.marketpulse.volatility_metrics"
[0m11:53:53.939301 [debug] [Thread-1 (]: Using postgres connection "model.marketpulse.volatility_metrics"
[0m11:53:53.939825 [debug] [Thread-1 (]: On model.marketpulse.volatility_metrics: /* {"app": "dbt", "dbt_version": "1.12.0", "profile_name": "marketpulse", "target_name": "dev", "node_id": "model.marketpulse.volatility_metrics"} */

  
    

  create  table "marketpulse"."analytics"."volatility_metrics__dbt_tmp"
  
  
    as
  
  (
    -- Mart: volatility and volume metrics (depends on daily_returns)

select
    dr.ticker,
    dr.date,
    dr.daily_return,
    stddev(dr.daily_return) over (
        partition by dr.ticker
        order by dr.date
        rows between 19 preceding and current row
    ) as rolling_std_20,
    stddev(dr.daily_return) over (
        partition by dr.ticker
        order by dr.date
        rows between 4 preceding and current row
    ) as rolling_std_5,
    (sdp.high - sdp.low) / nullif(sdp.close, 0) as high_low_range,
    avg(sdp.volume) over (
        partition by dr.ticker
        order by dr.date
        rows between 19 preceding and current row
    ) as avg_volume_20
from "marketpulse"."analytics"."daily_returns" as dr
inner join "marketpulse"."analytics"."stg_daily_prices" as sdp
    on dr.ticker = sdp.ticker
    and dr.date = sdp.date
  );
  
[0m11:53:53.940305 [debug] [Thread-1 (]: Opening a new connection, currently in state closed
[0m11:53:54.017658 [debug] [Thread-1 (]: SQL status: SELECT 6005 in 0.077 seconds
[0m11:53:54.020154 [debug] [Thread-1 (]: Using postgres connection "model.marketpulse.volatility_metrics"
[0m11:53:54.020560 [debug] [Thread-1 (]: On model.marketpulse.volatility_metrics: /* {"app": "dbt", "dbt_version": "1.12.0", "profile_name": "marketpulse", "target_name": "dev", "node_id": "model.marketpulse.volatility_metrics"} */
alter table "marketpulse"."analytics"."volatility_metrics" rename to "volatility_metrics__dbt_backup"
[0m11:53:54.021782 [debug] [Thread-1 (]: SQL status: ALTER TABLE in 0.001 seconds
[0m11:53:54.023864 [debug] [Thread-1 (]: Using postgres connection "model.marketpulse.volatility_metrics"
[0m11:53:54.024324 [debug] [Thread-1 (]: On model.marketpulse.volatility_metrics: /* {"app": "dbt", "dbt_version": "1.12.0", "profile_name": "marketpulse", "target_name": "dev", "node_id": "model.marketpulse.volatility_metrics"} */
alter table "marketpulse"."analytics"."volatility_metrics__dbt_tmp" rename to "volatility_metrics"
[0m11:53:54.025488 [debug] [Thread-1 (]: SQL status: ALTER TABLE in 0.001 seconds
[0m11:53:54.027634 [debug] [Thread-1 (]: On model.marketpulse.volatility_metrics: COMMIT
[0m11:53:54.028161 [debug] [Thread-1 (]: Using postgres connection "model.marketpulse.volatility_metrics"
[0m11:53:54.029169 [debug] [Thread-1 (]: On model.marketpulse.volatility_metrics: COMMIT
[0m11:53:54.032611 [debug] [Thread-1 (]: SQL status: COMMIT in 0.003 seconds
[0m11:53:54.034297 [debug] [Thread-1 (]: Applying DROP to: "marketpulse"."analytics"."volatility_metrics__dbt_backup"
[0m11:53:54.035057 [debug] [Thread-1 (]: Using postgres connection "model.marketpulse.volatility_metrics"
[0m11:53:54.035424 [debug] [Thread-1 (]: On model.marketpulse.volatility_metrics: /* {"app": "dbt", "dbt_version": "1.12.0", "profile_name": "marketpulse", "target_name": "dev", "node_id": "model.marketpulse.volatility_metrics"} */
drop table if exists "marketpulse"."analytics"."volatility_metrics__dbt_backup" cascade
[0m11:53:54.038358 [debug] [Thread-1 (]: SQL status: DROP TABLE in 0.003 seconds
[0m11:53:54.039682 [debug] [Thread-1 (]: On model.marketpulse.volatility_metrics: Close
[0m11:53:54.040426 [debug] [Thread-1 (]: Sending event: {'category': 'dbt', 'action': 'run_model', 'label': 'e9419b63-06d3-43ba-bf0a-1407205b4380', 'context': [<snowplow_tracker.self_describing_json.SelfDescribingJson object at 0x0000016C042A9710>]}
[0m11:53:54.041135 [info ] [Thread-1 (]: 5 of 5 OK created sql table model analytics.volatility_metrics ................. [[32mSELECT 6005[0m in 0.11s]
[0m11:53:54.041931 [debug] [Thread-1 (]: Finished running node model.marketpulse.volatility_metrics
[0m11:53:54.043375 [debug] [MainThread]: On master: COMMIT
[0m11:53:54.043785 [debug] [MainThread]: Using postgres connection "master"
[0m11:53:54.044132 [debug] [MainThread]: On master: COMMIT
[0m11:53:54.044473 [debug] [MainThread]: Opening a new connection, currently in state closed
[0m11:53:54.072373 [debug] [MainThread]: SQL status: COMMIT in 0.028 seconds
[0m11:53:54.072818 [debug] [MainThread]: On master: Close
[0m11:53:54.073461 [debug] [MainThread]: Connection 'master' was properly closed.
[0m11:53:54.073995 [debug] [MainThread]: Connection 'list_marketpulse' was properly closed.
[0m11:53:54.074320 [debug] [MainThread]: Connection 'list_marketpulse_analytics' was properly closed.
[0m11:53:54.074596 [debug] [MainThread]: Connection 'model.marketpulse.volatility_metrics' was properly closed.
[0m11:53:54.074876 [debug] [MainThread]: Connection 'model.marketpulse.stg_market_ticks' was properly closed.
[0m11:53:54.075181 [debug] [MainThread]: Connection 'model.marketpulse.daily_returns' was properly closed.
[0m11:53:54.075557 [debug] [MainThread]: Connection 'model.marketpulse.moving_averages' was properly closed.
[0m11:53:54.076096 [info ] [MainThread]: 
[0m11:53:54.076614 [info ] [MainThread]: Finished running 3 table models, 2 view models in 0 hours 0 minutes and 0.66 seconds (0.66s).
[0m11:53:54.078212 [debug] [MainThread]: Command end result
[0m11:53:54.121363 [debug] [MainThread]: Wrote artifact WritableManifest to dbt\target\manifest.json
[0m11:53:54.127526 [debug] [MainThread]: Wrote artifact SemanticManifest to dbt\target\semantic_manifest.json
[0m11:53:54.133827 [debug] [MainThread]: Wrote artifact OsiDocument to dbt\target\osi_document.json
[0m11:53:54.143911 [debug] [MainThread]: Wrote artifact RunExecutionResult to dbt\target\run_results.json
[0m11:53:54.144594 [info ] [MainThread]: 
[0m11:53:54.145678 [info ] [MainThread]: [32mCompleted successfully[0m
[0m11:53:54.146461 [info ] [MainThread]: 
[0m11:53:54.147023 [info ] [MainThread]: Done. PASS=5 WARN=0 ERROR=0 SKIP=0 NO-OP=0 REUSED=0 TOTAL=5
[0m11:53:54.148123 [debug] [MainThread]: Command `dbt run` succeeded at 11:53:54.147974 after 2.11 seconds
[0m11:53:54.148571 [debug] [MainThread]: Sending event: {'category': 'dbt', 'action': 'invocation', 'label': 'end', 'context': [<snowplow_tracker.self_describing_json.SelfDescribingJson object at 0x0000016C03807170>, <snowplow_tracker.self_describing_json.SelfDescribingJson object at 0x0000016C03942C90>, <snowplow_tracker.self_describing_json.SelfDescribingJson object at 0x0000016C042BF770>]}
[0m11:53:54.148997 [debug] [MainThread]: Flushing usage events
[0m11:53:55.331298 [debug] [MainThread]: An error was encountered while trying to flush usage events
[0m11:54:18.825992 [debug] [MainThread]: Sending event: {'category': 'dbt', 'action': 'invocation', 'label': 'start', 'context': [<snowplow_tracker.self_describing_json.SelfDescribingJson object at 0x00000211A7523380>, <snowplow_tracker.self_describing_json.SelfDescribingJson object at 0x00000211A4E64F50>, <snowplow_tracker.self_describing_json.SelfDescribingJson object at 0x00000211A9ECF890>]}


============================== 11:54:18.829907 | c8f8d4b1-ee31-4fd9-9b2a-bf0e229c598e ==============================
[0m11:54:18.829907 [info ] [MainThread]: Running with dbt=1.12.0
[0m11:54:18.830538 [debug] [MainThread]: running dbt with arguments {'version_check': 'True', 'no_print': 'None', 'maximum_seed_size_mib': '1', 'warn_error_options': 'WarnErrorOptionsV2(error=[], warn=[], silence=[])', 'target_path': 'None', 'static_parser': 'True', 'printer_width': '80', 'write_json': 'True', 'introspect': 'True', 'log_cache_events': 'False', 'empty': 'None', 'cache_selected_only': 'False', 'fail_fast': 'False', 'debug': 'False', 'log_format': 'default', 'profiles_dir': './dbt', 'send_anonymous_usage_stats': 'True', 'quiet': 'False', 'warn_error': 'None', 'partial_parse': 'True', 'use_colors': 'True', 'hints_enabled': 'True', 'indirect_selection': 'eager', 'use_experimental_parser': 'False', 'invocation_command': 'dbt test --project-dir dbt', 'log_path': 'dbt\\logs'}
[0m11:54:19.038906 [debug] [MainThread]: Sending event: {'category': 'dbt', 'action': 'project_id', 'label': 'c8f8d4b1-ee31-4fd9-9b2a-bf0e229c598e', 'context': [<snowplow_tracker.self_describing_json.SelfDescribingJson object at 0x00000211A9E2F6F0>]}
[0m11:54:19.104763 [debug] [MainThread]: Sending event: {'category': 'dbt', 'action': 'adapter_info', 'label': 'c8f8d4b1-ee31-4fd9-9b2a-bf0e229c598e', 'context': [<snowplow_tracker.self_describing_json.SelfDescribingJson object at 0x00000211A4E16250>]}
[0m11:54:19.106125 [info ] [MainThread]: Registered adapter: postgres=1.11.0
[0m11:54:19.397077 [debug] [MainThread]: checksum: 5326f82c21c1378b6440efb4cb9444135c552323e395b4a53ef66c4a73371aab, vars: {}, profile: marketpulse, target: dev, version: 1.12.0
[0m11:54:19.551877 [debug] [MainThread]: Partial parsing enabled: 0 files deleted, 0 files added, 0 files changed.
[0m11:54:19.552223 [debug] [MainThread]: Nothing changed, skipping partial parsing.
[0m11:54:19.552482 [debug] [MainThread]: Partial parsing enabled, no changes found, skipping parsing
[0m11:54:19.561002 [debug] [MainThread]: Sending event: {'category': 'dbt', 'action': 'load_project', 'label': 'c8f8d4b1-ee31-4fd9-9b2a-bf0e229c598e', 'context': [<snowplow_tracker.self_describing_json.SelfDescribingJson object at 0x00000211AA52BC50>]}
[0m11:54:19.704989 [debug] [MainThread]: Wrote artifact WritableManifest to dbt\target\manifest.json
[0m11:54:19.708893 [debug] [MainThread]: Wrote artifact SemanticManifest to dbt\target\semantic_manifest.json
[0m11:54:19.736894 [debug] [MainThread]: Wrote artifact OsiDocument to dbt\target\osi_document.json
[0m11:54:19.760277 [debug] [MainThread]: Sending event: {'category': 'dbt', 'action': 'resource_counts', 'label': 'c8f8d4b1-ee31-4fd9-9b2a-bf0e229c598e', 'context': [<snowplow_tracker.self_describing_json.SelfDescribingJson object at 0x00000211AA686A80>]}
[0m11:54:19.760811 [info ] [MainThread]: Found 5 models, 22 data tests, 2 sources, 477 macros
[0m11:54:19.761313 [debug] [MainThread]: Sending event: {'category': 'dbt', 'action': 'runnable_timing', 'label': 'c8f8d4b1-ee31-4fd9-9b2a-bf0e229c598e', 'context': [<snowplow_tracker.self_describing_json.SelfDescribingJson object at 0x00000211AA72F850>]}
[0m11:54:19.764162 [info ] [MainThread]: 
[0m11:54:19.764642 [info ] [MainThread]: Concurrency: 4 threads (target='dev')
[0m11:54:19.765065 [info ] [MainThread]: 
[0m11:54:19.765824 [debug] [MainThread]: Acquiring new postgres connection 'master'
[0m11:54:19.770729 [debug] [ThreadPool]: Acquiring new postgres connection 'list_marketpulse_analytics'
[0m11:54:19.850090 [debug] [ThreadPool]: Using postgres connection "list_marketpulse_analytics"
[0m11:54:19.850495 [debug] [ThreadPool]: On list_marketpulse_analytics: /* {"app": "dbt", "dbt_version": "1.12.0", "profile_name": "marketpulse", "target_name": "dev", "connection_name": "list_marketpulse_analytics"} */
select
      'marketpulse' as database,
      tablename as name,
      schemaname as schema,
      'table' as type
    from pg_tables
    where schemaname ilike 'analytics'
    union all
    select
      'marketpulse' as database,
      viewname as name,
      schemaname as schema,
      'view' as type
    from pg_views
    where schemaname ilike 'analytics'
    union all
    select
      'marketpulse' as database,
      matviewname as name,
      schemaname as schema,
      'materialized_view' as type
    from pg_matviews
    where schemaname ilike 'analytics'
    union all
    select distinct
     'marketpulse' as database,
     proname as name,
     ns.nspname as schema,
     'function' as type
    from pg_proc
     join pg_namespace as ns on pronamespace = ns.oid
    where ns.nspname ilike 'analytics'
  
[0m11:54:19.850856 [debug] [ThreadPool]: Opening a new connection, currently in state init
[0m11:54:19.901339 [debug] [ThreadPool]: SQL status: SELECT 5 in 0.050 seconds
[0m11:54:19.903218 [debug] [ThreadPool]: On list_marketpulse_analytics: ROLLBACK
[0m11:54:19.904470 [debug] [ThreadPool]: On list_marketpulse_analytics: Close
[0m11:54:19.908949 [debug] [MainThread]: Using postgres connection "master"
[0m11:54:19.909364 [debug] [MainThread]: On master: /* {"app": "dbt", "dbt_version": "1.12.0", "profile_name": "marketpulse", "target_name": "dev", "connection_name": "master"} */
select distinct
        dependent_namespace.nspname as dependent_schema,
        dependent_class.relname as dependent_name,
        referenced_namespace.nspname as referenced_schema,
        referenced_class.relname as referenced_name

    -- Query for views: views are entries in pg_class with an entry in pg_rewrite, but we avoid
    -- a seq scan on pg_rewrite by leveraging the fact there is an "internal" row in pg_depend for
    -- the view...
    from pg_class as dependent_class
    join pg_namespace as dependent_namespace on dependent_namespace.oid = dependent_class.relnamespace
    join pg_depend as dependent_depend on dependent_depend.refobjid = dependent_class.oid
        and dependent_depend.classid = 'pg_rewrite'::regclass
        and dependent_depend.refclassid = 'pg_class'::regclass
        and dependent_depend.deptype = 'i'

    -- ... and via pg_depend (that has a row per column, hence the need for "distinct" above, and
    -- making sure to exclude the internal row to avoid a view appearing to depend on itself)...
    join pg_depend as joining_depend on joining_depend.objid = dependent_depend.objid
        and joining_depend.classid = 'pg_rewrite'::regclass
        and joining_depend.refclassid = 'pg_class'::regclass
        and joining_depend.refobjid != dependent_depend.refobjid

    -- ... we can find the tables they query from in pg_class, but excluding system tables. Note we
    -- don't need need to exclude _dependent_ system tables, because they only query from other
    -- system tables, and so are automatically excluded by excluding _referenced_ system tables
    join pg_class as referenced_class on referenced_class.oid = joining_depend.refobjid
    join pg_namespace as referenced_namespace on referenced_namespace.oid = referenced_class.relnamespace
        and referenced_namespace.nspname != 'information_schema'
        and referenced_namespace.nspname not like 'pg\_%'

    order by
        dependent_schema, dependent_name, referenced_schema, referenced_name;
[0m11:54:19.909706 [debug] [MainThread]: Opening a new connection, currently in state init
[0m11:54:19.942349 [debug] [MainThread]: SQL status: SELECT 2 in 0.033 seconds
[0m11:54:19.943451 [debug] [MainThread]: Sending event: {'category': 'dbt', 'action': 'runnable_timing', 'label': 'c8f8d4b1-ee31-4fd9-9b2a-bf0e229c598e', 'context': [<snowplow_tracker.self_describing_json.SelfDescribingJson object at 0x00000211AA966410>]}
[0m11:54:19.943853 [debug] [MainThread]: On master: ROLLBACK
[0m11:54:19.944784 [debug] [MainThread]: On master: COMMIT
[0m11:54:19.945157 [debug] [MainThread]: Using postgres connection "master"
[0m11:54:19.945448 [debug] [MainThread]: On master: COMMIT
[0m11:54:19.946677 [debug] [MainThread]: SQL status: COMMIT in 0.001 seconds
[0m11:54:19.947014 [debug] [MainThread]: On master: Close
[0m11:54:19.951825 [debug] [Thread-3 (]: Began running node test.marketpulse.not_null_daily_returns_ticker.2a93ed2341
[0m11:54:19.952332 [debug] [Thread-4 (]: Began running node test.marketpulse.not_null_moving_averages_close.7976385409
[0m11:54:19.953355 [info ] [Thread-3 (]: 3 of 22 START test not_null_daily_returns_ticker ............................... [RUN]
[0m11:54:19.954371 [debug] [Thread-3 (]: Acquiring new postgres connection 'test.marketpulse.not_null_daily_returns_ticker.2a93ed2341'
[0m11:54:19.953016 [debug] [Thread-2 (]: Began running node test.marketpulse.not_null_daily_returns_date.10dc2378c6
[0m11:54:19.953737 [info ] [Thread-4 (]: 4 of 22 START test not_null_moving_averages_close .............................. [RUN]
[0m11:54:19.952685 [debug] [Thread-1 (]: Began running node test.marketpulse.not_null_daily_returns_close.ce51199156
[0m11:54:19.955649 [debug] [Thread-4 (]: Acquiring new postgres connection 'test.marketpulse.not_null_moving_averages_close.7976385409'
[0m11:54:19.954724 [debug] [Thread-3 (]: Began compiling node test.marketpulse.not_null_daily_returns_ticker.2a93ed2341
[0m11:54:19.955119 [info ] [Thread-2 (]: 2 of 22 START test not_null_daily_returns_date ................................. [RUN]
[0m11:54:19.956431 [debug] [Thread-4 (]: Began compiling node test.marketpulse.not_null_moving_averages_close.7976385409
[0m11:54:19.956106 [info ] [Thread-1 (]: 1 of 22 START test not_null_daily_returns_close ................................ [RUN]
[0m11:54:19.976663 [debug] [Thread-2 (]: Acquiring new postgres connection 'test.marketpulse.not_null_daily_returns_date.10dc2378c6'
[0m11:54:19.976005 [debug] [Thread-3 (]: Writing injected SQL for node "test.marketpulse.not_null_daily_returns_ticker.2a93ed2341"
[0m11:54:19.983072 [debug] [Thread-4 (]: Writing injected SQL for node "test.marketpulse.not_null_moving_averages_close.7976385409"
[0m11:54:19.983708 [debug] [Thread-1 (]: Acquiring new postgres connection 'test.marketpulse.not_null_daily_returns_close.ce51199156'
[0m11:54:19.985228 [debug] [Thread-1 (]: Began compiling node test.marketpulse.not_null_daily_returns_close.ce51199156
[0m11:54:19.984306 [debug] [Thread-2 (]: Began compiling node test.marketpulse.not_null_daily_returns_date.10dc2378c6
[0m11:54:20.000646 [debug] [Thread-2 (]: Writing injected SQL for node "test.marketpulse.not_null_daily_returns_date.10dc2378c6"
[0m11:54:19.992511 [debug] [Thread-1 (]: Writing injected SQL for node "test.marketpulse.not_null_daily_returns_close.ce51199156"
[0m11:54:20.001767 [debug] [Thread-3 (]: Began executing node test.marketpulse.not_null_daily_returns_ticker.2a93ed2341
[0m11:54:20.002617 [debug] [Thread-4 (]: Began executing node test.marketpulse.not_null_moving_averages_close.7976385409
[0m11:54:20.025693 [debug] [Thread-4 (]: Writing runtime sql for node "test.marketpulse.not_null_moving_averages_close.7976385409"
[0m11:54:20.026177 [debug] [Thread-2 (]: Began executing node test.marketpulse.not_null_daily_returns_date.10dc2378c6
[0m11:54:20.023307 [debug] [Thread-3 (]: Writing runtime sql for node "test.marketpulse.not_null_daily_returns_ticker.2a93ed2341"
[0m11:54:20.028587 [debug] [Thread-2 (]: Writing runtime sql for node "test.marketpulse.not_null_daily_returns_date.10dc2378c6"
[0m11:54:20.029042 [debug] [Thread-1 (]: Began executing node test.marketpulse.not_null_daily_returns_close.ce51199156
[0m11:54:20.031652 [debug] [Thread-1 (]: Writing runtime sql for node "test.marketpulse.not_null_daily_returns_close.ce51199156"
[0m11:54:20.032482 [debug] [Thread-4 (]: Using postgres connection "test.marketpulse.not_null_moving_averages_close.7976385409"
[0m11:54:20.033205 [debug] [Thread-4 (]: On test.marketpulse.not_null_moving_averages_close.7976385409: /* {"app": "dbt", "dbt_version": "1.12.0", "profile_name": "marketpulse", "target_name": "dev", "node_id": "test.marketpulse.not_null_moving_averages_close.7976385409"} */

    
    select
      count(*) as failures,
      count(*) != 0 as should_warn,
      count(*) != 0 as should_error
    from (
      
    
  
    
    



select close
from "marketpulse"."analytics"."moving_averages"
where close is null



  
  
      
    ) dbt_internal_test
[0m11:54:20.033839 [debug] [Thread-4 (]: Opening a new connection, currently in state init
[0m11:54:20.034974 [debug] [Thread-2 (]: Using postgres connection "test.marketpulse.not_null_daily_returns_date.10dc2378c6"
[0m11:54:20.036941 [debug] [Thread-2 (]: On test.marketpulse.not_null_daily_returns_date.10dc2378c6: /* {"app": "dbt", "dbt_version": "1.12.0", "profile_name": "marketpulse", "target_name": "dev", "node_id": "test.marketpulse.not_null_daily_returns_date.10dc2378c6"} */

    
    select
      count(*) as failures,
      count(*) != 0 as should_warn,
      count(*) != 0 as should_error
    from (
      
    
  
    
    



select date
from "marketpulse"."analytics"."daily_returns"
where date is null



  
  
      
    ) dbt_internal_test
[0m11:54:20.037619 [debug] [Thread-2 (]: Opening a new connection, currently in state init
[0m11:54:20.035758 [debug] [Thread-3 (]: Using postgres connection "test.marketpulse.not_null_daily_returns_ticker.2a93ed2341"
[0m11:54:20.036406 [debug] [Thread-1 (]: Using postgres connection "test.marketpulse.not_null_daily_returns_close.ce51199156"
[0m11:54:20.039110 [debug] [Thread-1 (]: On test.marketpulse.not_null_daily_returns_close.ce51199156: /* {"app": "dbt", "dbt_version": "1.12.0", "profile_name": "marketpulse", "target_name": "dev", "node_id": "test.marketpulse.not_null_daily_returns_close.ce51199156"} */

    
    select
      count(*) as failures,
      count(*) != 0 as should_warn,
      count(*) != 0 as should_error
    from (
      
    
  
    
    



select close
from "marketpulse"."analytics"."daily_returns"
where close is null



  
  
      
    ) dbt_internal_test
[0m11:54:20.039721 [debug] [Thread-1 (]: Opening a new connection, currently in state init
[0m11:54:20.038455 [debug] [Thread-3 (]: On test.marketpulse.not_null_daily_returns_ticker.2a93ed2341: /* {"app": "dbt", "dbt_version": "1.12.0", "profile_name": "marketpulse", "target_name": "dev", "node_id": "test.marketpulse.not_null_daily_returns_ticker.2a93ed2341"} */

    
    select
      count(*) as failures,
      count(*) != 0 as should_warn,
      count(*) != 0 as should_error
    from (
      
    
  
    
    



select ticker
from "marketpulse"."analytics"."daily_returns"
where ticker is null



  
  
      
    ) dbt_internal_test
[0m11:54:20.040492 [debug] [Thread-3 (]: Opening a new connection, currently in state init
[0m11:54:20.052170 [debug] [Thread-4 (]: SQL status: SELECT 1 in 0.018 seconds
[0m11:54:20.057523 [debug] [Thread-4 (]: On test.marketpulse.not_null_moving_averages_close.7976385409: ROLLBACK
[0m11:54:20.058809 [debug] [Thread-4 (]: On test.marketpulse.not_null_moving_averages_close.7976385409: Close
[0m11:54:20.060484 [debug] [Thread-3 (]: SQL status: SELECT 1 in 0.020 seconds
[0m11:54:20.061807 [debug] [Thread-3 (]: On test.marketpulse.not_null_daily_returns_ticker.2a93ed2341: ROLLBACK
[0m11:54:20.059986 [info ] [Thread-4 (]: 4 of 22 PASS not_null_moving_averages_close .................................... [[32mPASS[0m in 0.10s]
[0m11:54:20.062605 [debug] [Thread-4 (]: Finished running node test.marketpulse.not_null_moving_averages_close.7976385409
[0m11:54:20.063003 [debug] [Thread-4 (]: Began running node test.marketpulse.not_null_moving_averages_date.2eb91e4683
[0m11:54:20.064116 [debug] [Thread-3 (]: On test.marketpulse.not_null_daily_returns_ticker.2a93ed2341: Close
[0m11:54:20.064505 [debug] [Thread-2 (]: SQL status: SELECT 1 in 0.027 seconds
[0m11:54:20.063370 [debug] [Thread-1 (]: SQL status: SELECT 1 in 0.024 seconds
[0m11:54:20.063771 [info ] [Thread-4 (]: 5 of 22 START test not_null_moving_averages_date ............................... [RUN]
[0m11:54:20.067446 [debug] [Thread-2 (]: On test.marketpulse.not_null_daily_returns_date.10dc2378c6: ROLLBACK
[0m11:54:20.068869 [debug] [Thread-1 (]: On test.marketpulse.not_null_daily_returns_close.ce51199156: ROLLBACK
[0m11:54:20.065368 [info ] [Thread-3 (]: 3 of 22 PASS not_null_daily_returns_ticker ..................................... [[32mPASS[0m in 0.11s]
[0m11:54:20.070361 [debug] [Thread-3 (]: Finished running node test.marketpulse.not_null_daily_returns_ticker.2a93ed2341
[0m11:54:20.069476 [debug] [Thread-4 (]: Re-using an available connection from the pool (formerly test.marketpulse.not_null_moving_averages_close.7976385409, now test.marketpulse.not_null_moving_averages_date.2eb91e4683)
[0m11:54:20.072271 [debug] [Thread-4 (]: Began compiling node test.marketpulse.not_null_moving_averages_date.2eb91e4683
[0m11:54:20.079165 [debug] [Thread-4 (]: Writing injected SQL for node "test.marketpulse.not_null_moving_averages_date.2eb91e4683"
[0m11:54:20.071821 [debug] [Thread-3 (]: Began running node test.marketpulse.not_null_moving_averages_ticker.45980fddb8
[0m11:54:20.070874 [debug] [Thread-2 (]: On test.marketpulse.not_null_daily_returns_date.10dc2378c6: Close
[0m11:54:20.071413 [debug] [Thread-1 (]: On test.marketpulse.not_null_daily_returns_close.ce51199156: Close
[0m11:54:20.079946 [info ] [Thread-3 (]: 6 of 22 START test not_null_moving_averages_ticker ............................. [RUN]
[0m11:54:20.081219 [info ] [Thread-2 (]: 2 of 22 PASS not_null_daily_returns_date ....................................... [[32mPASS[0m in 0.10s]
[0m11:54:20.084066 [debug] [Thread-4 (]: Began executing node test.marketpulse.not_null_moving_averages_date.2eb91e4683
[0m11:54:20.085090 [debug] [Thread-3 (]: Re-using an available connection from the pool (formerly test.marketpulse.not_null_daily_returns_ticker.2a93ed2341, now test.marketpulse.not_null_moving_averages_ticker.45980fddb8)
[0m11:54:20.083290 [info ] [Thread-1 (]: 1 of 22 PASS not_null_daily_returns_close ...................................... [[32mPASS[0m in 0.10s]
[0m11:54:20.086342 [debug] [Thread-2 (]: Finished running node test.marketpulse.not_null_daily_returns_date.10dc2378c6
[0m11:54:20.088836 [debug] [Thread-4 (]: Writing runtime sql for node "test.marketpulse.not_null_moving_averages_date.2eb91e4683"
[0m11:54:20.089277 [debug] [Thread-3 (]: Began compiling node test.marketpulse.not_null_moving_averages_ticker.45980fddb8
[0m11:54:20.089827 [debug] [Thread-1 (]: Finished running node test.marketpulse.not_null_daily_returns_close.ce51199156
[0m11:54:20.090530 [debug] [Thread-2 (]: Began running node test.marketpulse.not_null_stg_daily_prices_close.d40d7effea
[0m11:54:20.097069 [debug] [Thread-3 (]: Writing injected SQL for node "test.marketpulse.not_null_moving_averages_ticker.45980fddb8"
[0m11:54:20.097736 [debug] [Thread-1 (]: Began running node test.marketpulse.not_null_stg_daily_prices_date.f15fb24543
[0m11:54:20.099086 [debug] [Thread-4 (]: Using postgres connection "test.marketpulse.not_null_moving_averages_date.2eb91e4683"
[0m11:54:20.100170 [debug] [Thread-4 (]: On test.marketpulse.not_null_moving_averages_date.2eb91e4683: /* {"app": "dbt", "dbt_version": "1.12.0", "profile_name": "marketpulse", "target_name": "dev", "node_id": "test.marketpulse.not_null_moving_averages_date.2eb91e4683"} */

    
    select
      count(*) as failures,
      count(*) != 0 as should_warn,
      count(*) != 0 as should_error
    from (
      
    
  
    
    



select date
from "marketpulse"."analytics"."moving_averages"
where date is null



  
  
      
    ) dbt_internal_test
[0m11:54:20.101283 [debug] [Thread-4 (]: Opening a new connection, currently in state closed
[0m11:54:20.098378 [info ] [Thread-2 (]: 7 of 22 START test not_null_stg_daily_prices_close ............................. [RUN]
[0m11:54:20.102137 [debug] [Thread-2 (]: Re-using an available connection from the pool (formerly test.marketpulse.not_null_daily_returns_date.10dc2378c6, now test.marketpulse.not_null_stg_daily_prices_close.d40d7effea)
[0m11:54:20.102982 [debug] [Thread-2 (]: Began compiling node test.marketpulse.not_null_stg_daily_prices_close.d40d7effea
[0m11:54:20.111566 [debug] [Thread-2 (]: Writing injected SQL for node "test.marketpulse.not_null_stg_daily_prices_close.d40d7effea"
[0m11:54:20.099666 [info ] [Thread-1 (]: 8 of 22 START test not_null_stg_daily_prices_date .............................. [RUN]
[0m11:54:20.103665 [debug] [Thread-3 (]: Began executing node test.marketpulse.not_null_moving_averages_ticker.45980fddb8
[0m11:54:20.114805 [debug] [Thread-3 (]: Writing runtime sql for node "test.marketpulse.not_null_moving_averages_ticker.45980fddb8"
[0m11:54:20.112165 [debug] [Thread-1 (]: Re-using an available connection from the pool (formerly test.marketpulse.not_null_daily_returns_close.ce51199156, now test.marketpulse.not_null_stg_daily_prices_date.f15fb24543)
[0m11:54:20.115813 [debug] [Thread-1 (]: Began compiling node test.marketpulse.not_null_stg_daily_prices_date.f15fb24543
[0m11:54:20.123302 [debug] [Thread-1 (]: Writing injected SQL for node "test.marketpulse.not_null_stg_daily_prices_date.f15fb24543"
[0m11:54:20.124016 [debug] [Thread-2 (]: Began executing node test.marketpulse.not_null_stg_daily_prices_close.d40d7effea
[0m11:54:20.126676 [debug] [Thread-2 (]: Writing runtime sql for node "test.marketpulse.not_null_stg_daily_prices_close.d40d7effea"
[0m11:54:20.127190 [debug] [Thread-3 (]: Using postgres connection "test.marketpulse.not_null_moving_averages_ticker.45980fddb8"
[0m11:54:20.128295 [debug] [Thread-3 (]: On test.marketpulse.not_null_moving_averages_ticker.45980fddb8: /* {"app": "dbt", "dbt_version": "1.12.0", "profile_name": "marketpulse", "target_name": "dev", "node_id": "test.marketpulse.not_null_moving_averages_ticker.45980fddb8"} */

    
    select
      count(*) as failures,
      count(*) != 0 as should_warn,
      count(*) != 0 as should_error
    from (
      
    
  
    
    



select ticker
from "marketpulse"."analytics"."moving_averages"
where ticker is null



  
  
      
    ) dbt_internal_test
[0m11:54:20.128794 [debug] [Thread-3 (]: Opening a new connection, currently in state closed
[0m11:54:20.127702 [debug] [Thread-4 (]: SQL status: SELECT 1 in 0.026 seconds
[0m11:54:20.130467 [debug] [Thread-4 (]: On test.marketpulse.not_null_moving_averages_date.2eb91e4683: ROLLBACK
[0m11:54:20.131756 [debug] [Thread-2 (]: Using postgres connection "test.marketpulse.not_null_stg_daily_prices_close.d40d7effea"
[0m11:54:20.134039 [debug] [Thread-2 (]: On test.marketpulse.not_null_stg_daily_prices_close.d40d7effea: /* {"app": "dbt", "dbt_version": "1.12.0", "profile_name": "marketpulse", "target_name": "dev", "node_id": "test.marketpulse.not_null_stg_daily_prices_close.d40d7effea"} */

    
    select
      count(*) as failures,
      count(*) != 0 as should_warn,
      count(*) != 0 as should_error
    from (
      
    
  
    
    



select close
from "marketpulse"."analytics"."stg_daily_prices"
where close is null



  
  
      
    ) dbt_internal_test
[0m11:54:20.134736 [debug] [Thread-2 (]: Opening a new connection, currently in state closed
[0m11:54:20.132684 [debug] [Thread-1 (]: Began executing node test.marketpulse.not_null_stg_daily_prices_date.f15fb24543
[0m11:54:20.133307 [debug] [Thread-4 (]: On test.marketpulse.not_null_moving_averages_date.2eb91e4683: Close
[0m11:54:20.137673 [debug] [Thread-1 (]: Writing runtime sql for node "test.marketpulse.not_null_stg_daily_prices_date.f15fb24543"
[0m11:54:20.139060 [info ] [Thread-4 (]: 5 of 22 PASS not_null_moving_averages_date ..................................... [[32mPASS[0m in 0.07s]
[0m11:54:20.140350 [debug] [Thread-4 (]: Finished running node test.marketpulse.not_null_moving_averages_date.2eb91e4683
[0m11:54:20.141103 [debug] [Thread-4 (]: Began running node test.marketpulse.not_null_stg_daily_prices_price_id.d8177fe4bb
[0m11:54:20.141701 [info ] [Thread-4 (]: 9 of 22 START test not_null_stg_daily_prices_price_id .......................... [RUN]
[0m11:54:20.142978 [debug] [Thread-4 (]: Re-using an available connection from the pool (formerly test.marketpulse.not_null_moving_averages_date.2eb91e4683, now test.marketpulse.not_null_stg_daily_prices_price_id.d8177fe4bb)
[0m11:54:20.144232 [debug] [Thread-4 (]: Began compiling node test.marketpulse.not_null_stg_daily_prices_price_id.d8177fe4bb
[0m11:54:20.143665 [debug] [Thread-1 (]: Using postgres connection "test.marketpulse.not_null_stg_daily_prices_date.f15fb24543"
[0m11:54:20.151034 [debug] [Thread-1 (]: On test.marketpulse.not_null_stg_daily_prices_date.f15fb24543: /* {"app": "dbt", "dbt_version": "1.12.0", "profile_name": "marketpulse", "target_name": "dev", "node_id": "test.marketpulse.not_null_stg_daily_prices_date.f15fb24543"} */

    
    select
      count(*) as failures,
      count(*) != 0 as should_warn,
      count(*) != 0 as should_error
    from (
      
    
  
    
    



select date
from "marketpulse"."analytics"."stg_daily_prices"
where date is null



  
  
      
    ) dbt_internal_test
[0m11:54:20.155548 [debug] [Thread-1 (]: Opening a new connection, currently in state closed
[0m11:54:20.155009 [debug] [Thread-4 (]: Writing injected SQL for node "test.marketpulse.not_null_stg_daily_prices_price_id.d8177fe4bb"
[0m11:54:20.157214 [debug] [Thread-4 (]: Began executing node test.marketpulse.not_null_stg_daily_prices_price_id.d8177fe4bb
[0m11:54:20.160383 [debug] [Thread-4 (]: Writing runtime sql for node "test.marketpulse.not_null_stg_daily_prices_price_id.d8177fe4bb"
[0m11:54:20.162039 [debug] [Thread-3 (]: SQL status: SELECT 1 in 0.033 seconds
[0m11:54:20.161154 [debug] [Thread-2 (]: SQL status: SELECT 1 in 0.026 seconds
[0m11:54:20.166421 [debug] [Thread-2 (]: On test.marketpulse.not_null_stg_daily_prices_close.d40d7effea: ROLLBACK
[0m11:54:20.164480 [debug] [Thread-3 (]: On test.marketpulse.not_null_moving_averages_ticker.45980fddb8: ROLLBACK
[0m11:54:20.167608 [debug] [Thread-4 (]: Using postgres connection "test.marketpulse.not_null_stg_daily_prices_price_id.d8177fe4bb"
[0m11:54:20.168431 [debug] [Thread-4 (]: On test.marketpulse.not_null_stg_daily_prices_price_id.d8177fe4bb: /* {"app": "dbt", "dbt_version": "1.12.0", "profile_name": "marketpulse", "target_name": "dev", "node_id": "test.marketpulse.not_null_stg_daily_prices_price_id.d8177fe4bb"} */

    
    select
      count(*) as failures,
      count(*) != 0 as should_warn,
      count(*) != 0 as should_error
    from (
      
    
  
    
    



select price_id
from "marketpulse"."analytics"."stg_daily_prices"
where price_id is null



  
  
      
    ) dbt_internal_test
[0m11:54:20.170275 [debug] [Thread-4 (]: Opening a new connection, currently in state closed
[0m11:54:20.169743 [debug] [Thread-3 (]: On test.marketpulse.not_null_moving_averages_ticker.45980fddb8: Close
[0m11:54:20.169133 [debug] [Thread-2 (]: On test.marketpulse.not_null_stg_daily_prices_close.d40d7effea: Close
[0m11:54:20.171943 [info ] [Thread-2 (]: 7 of 22 PASS not_null_stg_daily_prices_close ................................... [[32mPASS[0m in 0.07s]
[0m11:54:20.175023 [debug] [Thread-2 (]: Finished running node test.marketpulse.not_null_stg_daily_prices_close.d40d7effea
[0m11:54:20.176131 [debug] [Thread-2 (]: Began running node test.marketpulse.not_null_stg_daily_prices_ticker.74fb8a1bbd
[0m11:54:20.173529 [info ] [Thread-3 (]: 6 of 22 PASS not_null_moving_averages_ticker ................................... [[32mPASS[0m in 0.09s]
[0m11:54:20.177941 [debug] [Thread-3 (]: Finished running node test.marketpulse.not_null_moving_averages_ticker.45980fddb8
[0m11:54:20.179515 [debug] [Thread-3 (]: Began running node test.marketpulse.not_null_stg_market_ticks_close.ac0df76ca1
[0m11:54:20.176895 [info ] [Thread-2 (]: 10 of 22 START test not_null_stg_daily_prices_ticker ........................... [RUN]
[0m11:54:20.178725 [debug] [Thread-1 (]: SQL status: SELECT 1 in 0.023 seconds
[0m11:54:20.182847 [debug] [Thread-1 (]: On test.marketpulse.not_null_stg_daily_prices_date.f15fb24543: ROLLBACK
[0m11:54:20.180891 [debug] [Thread-2 (]: Re-using an available connection from the pool (formerly test.marketpulse.not_null_stg_daily_prices_close.d40d7effea, now test.marketpulse.not_null_stg_daily_prices_ticker.74fb8a1bbd)
[0m11:54:20.180142 [info ] [Thread-3 (]: 11 of 22 START test not_null_stg_market_ticks_close ............................ [RUN]
[0m11:54:20.184191 [debug] [Thread-3 (]: Re-using an available connection from the pool (formerly test.marketpulse.not_null_moving_averages_ticker.45980fddb8, now test.marketpulse.not_null_stg_market_ticks_close.ac0df76ca1)
[0m11:54:20.185587 [debug] [Thread-3 (]: Began compiling node test.marketpulse.not_null_stg_market_ticks_close.ac0df76ca1
[0m11:54:20.183371 [debug] [Thread-2 (]: Began compiling node test.marketpulse.not_null_stg_daily_prices_ticker.74fb8a1bbd
[0m11:54:20.184782 [debug] [Thread-1 (]: On test.marketpulse.not_null_stg_daily_prices_date.f15fb24543: Close
[0m11:54:20.195657 [debug] [Thread-3 (]: Writing injected SQL for node "test.marketpulse.not_null_stg_market_ticks_close.ac0df76ca1"
[0m11:54:20.202646 [debug] [Thread-4 (]: SQL status: SELECT 1 in 0.032 seconds
[0m11:54:20.204910 [debug] [Thread-2 (]: Writing injected SQL for node "test.marketpulse.not_null_stg_daily_prices_ticker.74fb8a1bbd"
[0m11:54:20.207863 [debug] [Thread-4 (]: On test.marketpulse.not_null_stg_daily_prices_price_id.d8177fe4bb: ROLLBACK
[0m11:54:20.205926 [info ] [Thread-1 (]: 8 of 22 PASS not_null_stg_daily_prices_date .................................... [[32mPASS[0m in 0.09s]
[0m11:54:20.209694 [debug] [Thread-1 (]: Finished running node test.marketpulse.not_null_stg_daily_prices_date.f15fb24543
[0m11:54:20.210583 [debug] [Thread-1 (]: Began running node test.marketpulse.not_null_stg_market_ticks_ticker.a8f2048f9c
[0m11:54:20.211643 [debug] [Thread-4 (]: On test.marketpulse.not_null_stg_daily_prices_price_id.d8177fe4bb: Close
[0m11:54:20.211057 [info ] [Thread-1 (]: 12 of 22 START test not_null_stg_market_ticks_ticker ........................... [RUN]
[0m11:54:20.213387 [debug] [Thread-1 (]: Re-using an available connection from the pool (formerly test.marketpulse.not_null_stg_daily_prices_date.f15fb24543, now test.marketpulse.not_null_stg_market_ticks_ticker.a8f2048f9c)
[0m11:54:20.214322 [debug] [Thread-2 (]: Began executing node test.marketpulse.not_null_stg_daily_prices_ticker.74fb8a1bbd
[0m11:54:20.214966 [debug] [Thread-3 (]: Began executing node test.marketpulse.not_null_stg_market_ticks_close.ac0df76ca1
[0m11:54:20.216462 [debug] [Thread-1 (]: Began compiling node test.marketpulse.not_null_stg_market_ticks_ticker.a8f2048f9c
[0m11:54:20.215904 [info ] [Thread-4 (]: 9 of 22 PASS not_null_stg_daily_prices_price_id ................................ [[32mPASS[0m in 0.07s]
[0m11:54:20.219031 [debug] [Thread-2 (]: Writing runtime sql for node "test.marketpulse.not_null_stg_daily_prices_ticker.74fb8a1bbd"
[0m11:54:20.221352 [debug] [Thread-3 (]: Writing runtime sql for node "test.marketpulse.not_null_stg_market_ticks_close.ac0df76ca1"
[0m11:54:20.228628 [debug] [Thread-1 (]: Writing injected SQL for node "test.marketpulse.not_null_stg_market_ticks_ticker.a8f2048f9c"
[0m11:54:20.229349 [debug] [Thread-4 (]: Finished running node test.marketpulse.not_null_stg_daily_prices_price_id.d8177fe4bb
[0m11:54:20.230675 [debug] [Thread-4 (]: Began running node test.marketpulse.not_null_stg_market_ticks_ts.c9f2fe422d
[0m11:54:20.231405 [info ] [Thread-4 (]: 13 of 22 START test not_null_stg_market_ticks_ts ............................... [RUN]
[0m11:54:20.232307 [debug] [Thread-4 (]: Re-using an available connection from the pool (formerly test.marketpulse.not_null_stg_daily_prices_price_id.d8177fe4bb, now test.marketpulse.not_null_stg_market_ticks_ts.c9f2fe422d)
[0m11:54:20.232965 [debug] [Thread-4 (]: Began compiling node test.marketpulse.not_null_stg_market_ticks_ts.c9f2fe422d
[0m11:54:20.236220 [debug] [Thread-1 (]: Began executing node test.marketpulse.not_null_stg_market_ticks_ticker.a8f2048f9c
[0m11:54:20.238903 [debug] [Thread-1 (]: Writing runtime sql for node "test.marketpulse.not_null_stg_market_ticks_ticker.a8f2048f9c"
[0m11:54:20.243119 [debug] [Thread-4 (]: Writing injected SQL for node "test.marketpulse.not_null_stg_market_ticks_ts.c9f2fe422d"
[0m11:54:20.244228 [debug] [Thread-3 (]: Using postgres connection "test.marketpulse.not_null_stg_market_ticks_close.ac0df76ca1"
[0m11:54:20.245079 [debug] [Thread-3 (]: On test.marketpulse.not_null_stg_market_ticks_close.ac0df76ca1: /* {"app": "dbt", "dbt_version": "1.12.0", "profile_name": "marketpulse", "target_name": "dev", "node_id": "test.marketpulse.not_null_stg_market_ticks_close.ac0df76ca1"} */

    
    select
      count(*) as failures,
      count(*) != 0 as should_warn,
      count(*) != 0 as should_error
    from (
      
    
  
    
    



select close
from "marketpulse"."analytics"."stg_market_ticks"
where close is null



  
  
      
    ) dbt_internal_test
[0m11:54:20.245816 [debug] [Thread-3 (]: Opening a new connection, currently in state closed
[0m11:54:20.246979 [debug] [Thread-2 (]: Using postgres connection "test.marketpulse.not_null_stg_daily_prices_ticker.74fb8a1bbd"
[0m11:54:20.247709 [debug] [Thread-2 (]: On test.marketpulse.not_null_stg_daily_prices_ticker.74fb8a1bbd: /* {"app": "dbt", "dbt_version": "1.12.0", "profile_name": "marketpulse", "target_name": "dev", "node_id": "test.marketpulse.not_null_stg_daily_prices_ticker.74fb8a1bbd"} */

    
    select
      count(*) as failures,
      count(*) != 0 as should_warn,
      count(*) != 0 as should_error
    from (
      
    
  
    
    



select ticker
from "marketpulse"."analytics"."stg_daily_prices"
where ticker is null



  
  
      
    ) dbt_internal_test
[0m11:54:20.248357 [debug] [Thread-2 (]: Opening a new connection, currently in state closed
[0m11:54:20.249314 [debug] [Thread-4 (]: Began executing node test.marketpulse.not_null_stg_market_ticks_ts.c9f2fe422d
[0m11:54:20.251972 [debug] [Thread-1 (]: Using postgres connection "test.marketpulse.not_null_stg_market_ticks_ticker.a8f2048f9c"
[0m11:54:20.253214 [debug] [Thread-1 (]: On test.marketpulse.not_null_stg_market_ticks_ticker.a8f2048f9c: /* {"app": "dbt", "dbt_version": "1.12.0", "profile_name": "marketpulse", "target_name": "dev", "node_id": "test.marketpulse.not_null_stg_market_ticks_ticker.a8f2048f9c"} */

    
    select
      count(*) as failures,
      count(*) != 0 as should_warn,
      count(*) != 0 as should_error
    from (
      
    
  
    
    



select ticker
from "marketpulse"."analytics"."stg_market_ticks"
where ticker is null



  
  
      
    ) dbt_internal_test
[0m11:54:20.255933 [debug] [Thread-1 (]: Opening a new connection, currently in state closed
[0m11:54:20.255367 [debug] [Thread-4 (]: Writing runtime sql for node "test.marketpulse.not_null_stg_market_ticks_ts.c9f2fe422d"
[0m11:54:20.257732 [debug] [Thread-4 (]: Using postgres connection "test.marketpulse.not_null_stg_market_ticks_ts.c9f2fe422d"
[0m11:54:20.258478 [debug] [Thread-4 (]: On test.marketpulse.not_null_stg_market_ticks_ts.c9f2fe422d: /* {"app": "dbt", "dbt_version": "1.12.0", "profile_name": "marketpulse", "target_name": "dev", "node_id": "test.marketpulse.not_null_stg_market_ticks_ts.c9f2fe422d"} */

    
    select
      count(*) as failures,
      count(*) != 0 as should_warn,
      count(*) != 0 as should_error
    from (
      
    
  
    
    



select ts
from "marketpulse"."analytics"."stg_market_ticks"
where ts is null



  
  
      
    ) dbt_internal_test
[0m11:54:20.259163 [debug] [Thread-4 (]: Opening a new connection, currently in state closed
[0m11:54:20.267563 [debug] [Thread-2 (]: SQL status: SELECT 1 in 0.019 seconds
[0m11:54:20.269501 [debug] [Thread-2 (]: On test.marketpulse.not_null_stg_daily_prices_ticker.74fb8a1bbd: ROLLBACK
[0m11:54:20.270947 [debug] [Thread-2 (]: On test.marketpulse.not_null_stg_daily_prices_ticker.74fb8a1bbd: Close
[0m11:54:20.272027 [info ] [Thread-2 (]: 10 of 22 PASS not_null_stg_daily_prices_ticker ................................. [[32mPASS[0m in 0.09s]
[0m11:54:20.273140 [debug] [Thread-2 (]: Finished running node test.marketpulse.not_null_stg_daily_prices_ticker.74fb8a1bbd
[0m11:54:20.273774 [debug] [Thread-2 (]: Began running node test.marketpulse.not_null_volatility_metrics_date.fbc54644e7
[0m11:54:20.274403 [info ] [Thread-2 (]: 14 of 22 START test not_null_volatility_metrics_date ........................... [RUN]
[0m11:54:20.275379 [debug] [Thread-2 (]: Re-using an available connection from the pool (formerly test.marketpulse.not_null_stg_daily_prices_ticker.74fb8a1bbd, now test.marketpulse.not_null_volatility_metrics_date.fbc54644e7)
[0m11:54:20.276055 [debug] [Thread-2 (]: Began compiling node test.marketpulse.not_null_volatility_metrics_date.fbc54644e7
[0m11:54:20.285045 [debug] [Thread-2 (]: Writing injected SQL for node "test.marketpulse.not_null_volatility_metrics_date.fbc54644e7"
[0m11:54:20.286052 [debug] [Thread-1 (]: SQL status: SELECT 1 in 0.030 seconds
[0m11:54:20.288460 [debug] [Thread-1 (]: On test.marketpulse.not_null_stg_market_ticks_ticker.a8f2048f9c: ROLLBACK
[0m11:54:20.289229 [debug] [Thread-3 (]: SQL status: SELECT 1 in 0.043 seconds
[0m11:54:20.292571 [debug] [Thread-3 (]: On test.marketpulse.not_null_stg_market_ticks_close.ac0df76ca1: ROLLBACK
[0m11:54:20.290031 [debug] [Thread-1 (]: On test.marketpulse.not_null_stg_market_ticks_ticker.a8f2048f9c: Close
[0m11:54:20.294749 [debug] [Thread-2 (]: Began executing node test.marketpulse.not_null_volatility_metrics_date.fbc54644e7
[0m11:54:20.298185 [debug] [Thread-2 (]: Writing runtime sql for node "test.marketpulse.not_null_volatility_metrics_date.fbc54644e7"
[0m11:54:20.299268 [debug] [Thread-4 (]: SQL status: SELECT 1 in 0.040 seconds
[0m11:54:20.294028 [info ] [Thread-1 (]: 12 of 22 PASS not_null_stg_market_ticks_ticker ................................. [[32mPASS[0m in 0.08s]
[0m11:54:20.302059 [debug] [Thread-1 (]: Finished running node test.marketpulse.not_null_stg_market_ticks_ticker.a8f2048f9c
[0m11:54:20.298754 [debug] [Thread-3 (]: On test.marketpulse.not_null_stg_market_ticks_close.ac0df76ca1: Close
[0m11:54:20.302865 [debug] [Thread-1 (]: Began running node test.marketpulse.not_null_volatility_metrics_ticker.ba29972e62
[0m11:54:20.300967 [debug] [Thread-4 (]: On test.marketpulse.not_null_stg_market_ticks_ts.c9f2fe422d: ROLLBACK
[0m11:54:20.304064 [info ] [Thread-1 (]: 15 of 22 START test not_null_volatility_metrics_ticker ......................... [RUN]
[0m11:54:20.307321 [debug] [Thread-1 (]: Re-using an available connection from the pool (formerly test.marketpulse.not_null_stg_market_ticks_ticker.a8f2048f9c, now test.marketpulse.not_null_volatility_metrics_ticker.ba29972e62)
[0m11:54:20.307936 [debug] [Thread-1 (]: Began compiling node test.marketpulse.not_null_volatility_metrics_ticker.ba29972e62
[0m11:54:20.316756 [debug] [Thread-1 (]: Writing injected SQL for node "test.marketpulse.not_null_volatility_metrics_ticker.ba29972e62"
[0m11:54:20.306499 [debug] [Thread-2 (]: Using postgres connection "test.marketpulse.not_null_volatility_metrics_date.fbc54644e7"
[0m11:54:20.318089 [debug] [Thread-2 (]: On test.marketpulse.not_null_volatility_metrics_date.fbc54644e7: /* {"app": "dbt", "dbt_version": "1.12.0", "profile_name": "marketpulse", "target_name": "dev", "node_id": "test.marketpulse.not_null_volatility_metrics_date.fbc54644e7"} */

    
    select
      count(*) as failures,
      count(*) != 0 as should_warn,
      count(*) != 0 as should_error
    from (
      
    
  
    
    



select date
from "marketpulse"."analytics"."volatility_metrics"
where date is null



  
  
      
    ) dbt_internal_test
[0m11:54:20.318544 [debug] [Thread-2 (]: Opening a new connection, currently in state closed
[0m11:54:20.317358 [debug] [Thread-4 (]: On test.marketpulse.not_null_stg_market_ticks_ts.c9f2fe422d: Close
[0m11:54:20.305734 [info ] [Thread-3 (]: 11 of 22 PASS not_null_stg_market_ticks_close .................................. [[32mPASS[0m in 0.12s]
[0m11:54:20.319835 [debug] [Thread-3 (]: Finished running node test.marketpulse.not_null_stg_market_ticks_close.ac0df76ca1
[0m11:54:20.322108 [debug] [Thread-3 (]: Began running node test.marketpulse.source_not_null_raw_daily_prices_close.b66d00a1ac
[0m11:54:20.321065 [info ] [Thread-4 (]: 13 of 22 PASS not_null_stg_market_ticks_ts ..................................... [[32mPASS[0m in 0.09s]
[0m11:54:20.324359 [debug] [Thread-4 (]: Finished running node test.marketpulse.not_null_stg_market_ticks_ts.c9f2fe422d
[0m11:54:20.325209 [debug] [Thread-4 (]: Began running node test.marketpulse.source_not_null_raw_daily_prices_date.54f43d0f5b
[0m11:54:20.325779 [debug] [Thread-1 (]: Began executing node test.marketpulse.not_null_volatility_metrics_ticker.ba29972e62
[0m11:54:20.323103 [info ] [Thread-3 (]: 16 of 22 START test source_not_null_raw_daily_prices_close ..................... [RUN]
[0m11:54:20.330017 [debug] [Thread-3 (]: Re-using an available connection from the pool (formerly test.marketpulse.not_null_stg_market_ticks_close.ac0df76ca1, now test.marketpulse.source_not_null_raw_daily_prices_close.b66d00a1ac)
[0m11:54:20.330685 [debug] [Thread-3 (]: Began compiling node test.marketpulse.source_not_null_raw_daily_prices_close.b66d00a1ac
[0m11:54:20.329061 [debug] [Thread-1 (]: Writing runtime sql for node "test.marketpulse.not_null_volatility_metrics_ticker.ba29972e62"
[0m11:54:20.326297 [info ] [Thread-4 (]: 17 of 22 START test source_not_null_raw_daily_prices_date ...................... [RUN]
[0m11:54:20.342375 [debug] [Thread-4 (]: Re-using an available connection from the pool (formerly test.marketpulse.not_null_stg_market_ticks_ts.c9f2fe422d, now test.marketpulse.source_not_null_raw_daily_prices_date.54f43d0f5b)
[0m11:54:20.342821 [debug] [Thread-4 (]: Began compiling node test.marketpulse.source_not_null_raw_daily_prices_date.54f43d0f5b
[0m11:54:20.349892 [debug] [Thread-4 (]: Writing injected SQL for node "test.marketpulse.source_not_null_raw_daily_prices_date.54f43d0f5b"
[0m11:54:20.341162 [debug] [Thread-3 (]: Writing injected SQL for node "test.marketpulse.source_not_null_raw_daily_prices_close.b66d00a1ac"
[0m11:54:20.341781 [debug] [Thread-2 (]: SQL status: SELECT 1 in 0.023 seconds
[0m11:54:20.354938 [debug] [Thread-2 (]: On test.marketpulse.not_null_volatility_metrics_date.fbc54644e7: ROLLBACK
[0m11:54:20.351232 [debug] [Thread-1 (]: Using postgres connection "test.marketpulse.not_null_volatility_metrics_ticker.ba29972e62"
[0m11:54:20.355746 [debug] [Thread-1 (]: On test.marketpulse.not_null_volatility_metrics_ticker.ba29972e62: /* {"app": "dbt", "dbt_version": "1.12.0", "profile_name": "marketpulse", "target_name": "dev", "node_id": "test.marketpulse.not_null_volatility_metrics_ticker.ba29972e62"} */

    
    select
      count(*) as failures,
      count(*) != 0 as should_warn,
      count(*) != 0 as should_error
    from (
      
    
  
    
    



select ticker
from "marketpulse"."analytics"."volatility_metrics"
where ticker is null



  
  
      
    ) dbt_internal_test
[0m11:54:20.356771 [debug] [Thread-1 (]: Opening a new connection, currently in state closed
[0m11:54:20.356375 [debug] [Thread-2 (]: On test.marketpulse.not_null_volatility_metrics_date.fbc54644e7: Close
[0m11:54:20.357512 [debug] [Thread-4 (]: Began executing node test.marketpulse.source_not_null_raw_daily_prices_date.54f43d0f5b
[0m11:54:20.361910 [debug] [Thread-4 (]: Writing runtime sql for node "test.marketpulse.source_not_null_raw_daily_prices_date.54f43d0f5b"
[0m11:54:20.358894 [info ] [Thread-2 (]: 14 of 22 PASS not_null_volatility_metrics_date ................................. [[32mPASS[0m in 0.08s]
[0m11:54:20.362916 [debug] [Thread-3 (]: Began executing node test.marketpulse.source_not_null_raw_daily_prices_close.b66d00a1ac
[0m11:54:20.368891 [debug] [Thread-3 (]: Writing runtime sql for node "test.marketpulse.source_not_null_raw_daily_prices_close.b66d00a1ac"
[0m11:54:20.366068 [debug] [Thread-2 (]: Finished running node test.marketpulse.not_null_volatility_metrics_date.fbc54644e7
[0m11:54:20.370286 [debug] [Thread-2 (]: Began running node test.marketpulse.source_not_null_raw_daily_prices_ticker.f54fdf2e37
[0m11:54:20.371095 [debug] [Thread-4 (]: Using postgres connection "test.marketpulse.source_not_null_raw_daily_prices_date.54f43d0f5b"
[0m11:54:20.372438 [debug] [Thread-4 (]: On test.marketpulse.source_not_null_raw_daily_prices_date.54f43d0f5b: /* {"app": "dbt", "dbt_version": "1.12.0", "profile_name": "marketpulse", "target_name": "dev", "node_id": "test.marketpulse.source_not_null_raw_daily_prices_date.54f43d0f5b"} */

    
    select
      count(*) as failures,
      count(*) != 0 as should_warn,
      count(*) != 0 as should_error
    from (
      
    
  
    
    



select date
from "marketpulse"."raw"."daily_prices"
where date is null



  
  
      
    ) dbt_internal_test
[0m11:54:20.372861 [debug] [Thread-4 (]: Opening a new connection, currently in state closed
[0m11:54:20.373349 [debug] [Thread-3 (]: Using postgres connection "test.marketpulse.source_not_null_raw_daily_prices_close.b66d00a1ac"
[0m11:54:20.371745 [info ] [Thread-2 (]: 18 of 22 START test source_not_null_raw_daily_prices_ticker .................... [RUN]
[0m11:54:20.374813 [debug] [Thread-2 (]: Re-using an available connection from the pool (formerly test.marketpulse.not_null_volatility_metrics_date.fbc54644e7, now test.marketpulse.source_not_null_raw_daily_prices_ticker.f54fdf2e37)
[0m11:54:20.375379 [debug] [Thread-2 (]: Began compiling node test.marketpulse.source_not_null_raw_daily_prices_ticker.f54fdf2e37
[0m11:54:20.373916 [debug] [Thread-3 (]: On test.marketpulse.source_not_null_raw_daily_prices_close.b66d00a1ac: /* {"app": "dbt", "dbt_version": "1.12.0", "profile_name": "marketpulse", "target_name": "dev", "node_id": "test.marketpulse.source_not_null_raw_daily_prices_close.b66d00a1ac"} */

    
    select
      count(*) as failures,
      count(*) != 0 as should_warn,
      count(*) != 0 as should_error
    from (
      
    
  
    
    



select close
from "marketpulse"."raw"."daily_prices"
where close is null



  
  
      
    ) dbt_internal_test
[0m11:54:20.388956 [debug] [Thread-3 (]: Opening a new connection, currently in state closed
[0m11:54:20.388531 [debug] [Thread-1 (]: SQL status: SELECT 1 in 0.032 seconds
[0m11:54:20.387860 [debug] [Thread-2 (]: Writing injected SQL for node "test.marketpulse.source_not_null_raw_daily_prices_ticker.f54fdf2e37"
[0m11:54:20.391170 [debug] [Thread-1 (]: On test.marketpulse.not_null_volatility_metrics_ticker.ba29972e62: ROLLBACK
[0m11:54:20.391929 [debug] [Thread-4 (]: SQL status: SELECT 1 in 0.019 seconds
[0m11:54:20.393902 [debug] [Thread-4 (]: On test.marketpulse.source_not_null_raw_daily_prices_date.54f43d0f5b: ROLLBACK
[0m11:54:20.394735 [debug] [Thread-1 (]: On test.marketpulse.not_null_volatility_metrics_ticker.ba29972e62: Close
[0m11:54:20.396328 [debug] [Thread-4 (]: On test.marketpulse.source_not_null_raw_daily_prices_date.54f43d0f5b: Close
[0m11:54:20.397244 [debug] [Thread-2 (]: Began executing node test.marketpulse.source_not_null_raw_daily_prices_ticker.f54fdf2e37
[0m11:54:20.400565 [debug] [Thread-2 (]: Writing runtime sql for node "test.marketpulse.source_not_null_raw_daily_prices_ticker.f54fdf2e37"
[0m11:54:20.395864 [info ] [Thread-1 (]: 15 of 22 PASS not_null_volatility_metrics_ticker ............................... [[32mPASS[0m in 0.09s]
[0m11:54:20.403121 [debug] [Thread-1 (]: Finished running node test.marketpulse.not_null_volatility_metrics_ticker.ba29972e62
[0m11:54:20.401796 [info ] [Thread-4 (]: 17 of 22 PASS source_not_null_raw_daily_prices_date ............................ [[32mPASS[0m in 0.06s]
[0m11:54:20.405864 [debug] [Thread-4 (]: Finished running node test.marketpulse.source_not_null_raw_daily_prices_date.54f43d0f5b
[0m11:54:20.404599 [debug] [Thread-1 (]: Began running node test.marketpulse.source_not_null_streaming_market_ticks_close.c58078dc3e
[0m11:54:20.406978 [debug] [Thread-4 (]: Began running node test.marketpulse.source_not_null_streaming_market_ticks_ticker.4749244045
[0m11:54:20.407996 [info ] [Thread-1 (]: 19 of 22 START test source_not_null_streaming_market_ticks_close ............... [RUN]
[0m11:54:20.410795 [debug] [Thread-1 (]: Re-using an available connection from the pool (formerly test.marketpulse.not_null_volatility_metrics_ticker.ba29972e62, now test.marketpulse.source_not_null_streaming_market_ticks_close.c58078dc3e)
[0m11:54:20.412211 [debug] [Thread-1 (]: Began compiling node test.marketpulse.source_not_null_streaming_market_ticks_close.c58078dc3e
[0m11:54:20.408957 [debug] [Thread-2 (]: Using postgres connection "test.marketpulse.source_not_null_raw_daily_prices_ticker.f54fdf2e37"
[0m11:54:20.409834 [info ] [Thread-4 (]: 20 of 22 START test source_not_null_streaming_market_ticks_ticker .............. [RUN]
[0m11:54:20.411506 [debug] [Thread-3 (]: SQL status: SELECT 1 in 0.022 seconds
[0m11:54:20.421632 [debug] [Thread-1 (]: Writing injected SQL for node "test.marketpulse.source_not_null_streaming_market_ticks_close.c58078dc3e"
[0m11:54:20.422268 [debug] [Thread-2 (]: On test.marketpulse.source_not_null_raw_daily_prices_ticker.f54fdf2e37: /* {"app": "dbt", "dbt_version": "1.12.0", "profile_name": "marketpulse", "target_name": "dev", "node_id": "test.marketpulse.source_not_null_raw_daily_prices_ticker.f54fdf2e37"} */

    
    select
      count(*) as failures,
      count(*) != 0 as should_warn,
      count(*) != 0 as should_error
    from (
      
    
  
    
    



select ticker
from "marketpulse"."raw"."daily_prices"
where ticker is null



  
  
      
    ) dbt_internal_test
[0m11:54:20.422920 [debug] [Thread-4 (]: Re-using an available connection from the pool (formerly test.marketpulse.source_not_null_raw_daily_prices_date.54f43d0f5b, now test.marketpulse.source_not_null_streaming_market_ticks_ticker.4749244045)
[0m11:54:20.424748 [debug] [Thread-3 (]: On test.marketpulse.source_not_null_raw_daily_prices_close.b66d00a1ac: ROLLBACK
[0m11:54:20.425802 [debug] [Thread-2 (]: Opening a new connection, currently in state closed
[0m11:54:20.426569 [debug] [Thread-4 (]: Began compiling node test.marketpulse.source_not_null_streaming_market_ticks_ticker.4749244045
[0m11:54:20.428186 [debug] [Thread-1 (]: Began executing node test.marketpulse.source_not_null_streaming_market_ticks_close.c58078dc3e
[0m11:54:20.435313 [debug] [Thread-3 (]: On test.marketpulse.source_not_null_raw_daily_prices_close.b66d00a1ac: Close
[0m11:54:20.438306 [debug] [Thread-4 (]: Writing injected SQL for node "test.marketpulse.source_not_null_streaming_market_ticks_ticker.4749244045"
[0m11:54:20.440313 [debug] [Thread-1 (]: Writing runtime sql for node "test.marketpulse.source_not_null_streaming_market_ticks_close.c58078dc3e"
[0m11:54:20.441647 [error] [Thread-3 (]: 16 of 22 FAIL 1 source_not_null_raw_daily_prices_close ......................... [[31mFAIL 1[0m in 0.11s]
[0m11:54:20.443045 [debug] [Thread-3 (]: Finished running node test.marketpulse.source_not_null_raw_daily_prices_close.b66d00a1ac
[0m11:54:20.443719 [debug] [Thread-3 (]: Began running node test.marketpulse.source_not_null_streaming_market_ticks_ts.d9c4be3af3
[0m11:54:20.444318 [info ] [Thread-3 (]: 21 of 22 START test source_not_null_streaming_market_ticks_ts .................. [RUN]
[0m11:54:20.445473 [debug] [Thread-3 (]: Re-using an available connection from the pool (formerly test.marketpulse.source_not_null_raw_daily_prices_close.b66d00a1ac, now test.marketpulse.source_not_null_streaming_market_ticks_ts.d9c4be3af3)
[0m11:54:20.446746 [debug] [Thread-3 (]: Began compiling node test.marketpulse.source_not_null_streaming_market_ticks_ts.d9c4be3af3
[0m11:54:20.447394 [debug] [Thread-4 (]: Began executing node test.marketpulse.source_not_null_streaming_market_ticks_ticker.4749244045
[0m11:54:20.446191 [debug] [Thread-1 (]: Using postgres connection "test.marketpulse.source_not_null_streaming_market_ticks_close.c58078dc3e"
[0m11:54:20.456158 [debug] [Thread-3 (]: Writing injected SQL for node "test.marketpulse.source_not_null_streaming_market_ticks_ts.d9c4be3af3"
[0m11:54:20.457882 [debug] [Thread-4 (]: Writing runtime sql for node "test.marketpulse.source_not_null_streaming_market_ticks_ticker.4749244045"
[0m11:54:20.458505 [debug] [Thread-1 (]: On test.marketpulse.source_not_null_streaming_market_ticks_close.c58078dc3e: /* {"app": "dbt", "dbt_version": "1.12.0", "profile_name": "marketpulse", "target_name": "dev", "node_id": "test.marketpulse.source_not_null_streaming_market_ticks_close.c58078dc3e"} */

    
    select
      count(*) as failures,
      count(*) != 0 as should_warn,
      count(*) != 0 as should_error
    from (
      
    
  
    
    



select close
from "marketpulse"."streaming"."market_ticks"
where close is null



  
  
      
    ) dbt_internal_test
[0m11:54:20.459302 [debug] [Thread-1 (]: Opening a new connection, currently in state closed
[0m11:54:20.460627 [debug] [Thread-4 (]: Using postgres connection "test.marketpulse.source_not_null_streaming_market_ticks_ticker.4749244045"
[0m11:54:20.462098 [debug] [Thread-4 (]: On test.marketpulse.source_not_null_streaming_market_ticks_ticker.4749244045: /* {"app": "dbt", "dbt_version": "1.12.0", "profile_name": "marketpulse", "target_name": "dev", "node_id": "test.marketpulse.source_not_null_streaming_market_ticks_ticker.4749244045"} */

    
    select
      count(*) as failures,
      count(*) != 0 as should_warn,
      count(*) != 0 as should_error
    from (
      
    
  
    
    



select ticker
from "marketpulse"."streaming"."market_ticks"
where ticker is null



  
  
      
    ) dbt_internal_test
[0m11:54:20.462726 [debug] [Thread-4 (]: Opening a new connection, currently in state closed
[0m11:54:20.461355 [debug] [Thread-3 (]: Began executing node test.marketpulse.source_not_null_streaming_market_ticks_ts.d9c4be3af3
[0m11:54:20.466158 [debug] [Thread-3 (]: Writing runtime sql for node "test.marketpulse.source_not_null_streaming_market_ticks_ts.d9c4be3af3"
[0m11:54:20.468413 [debug] [Thread-3 (]: Using postgres connection "test.marketpulse.source_not_null_streaming_market_ticks_ts.d9c4be3af3"
[0m11:54:20.469199 [debug] [Thread-3 (]: On test.marketpulse.source_not_null_streaming_market_ticks_ts.d9c4be3af3: /* {"app": "dbt", "dbt_version": "1.12.0", "profile_name": "marketpulse", "target_name": "dev", "node_id": "test.marketpulse.source_not_null_streaming_market_ticks_ts.d9c4be3af3"} */

    
    select
      count(*) as failures,
      count(*) != 0 as should_warn,
      count(*) != 0 as should_error
    from (
      
    
  
    
    



select ts
from "marketpulse"."streaming"."market_ticks"
where ts is null



  
  
      
    ) dbt_internal_test
[0m11:54:20.469891 [debug] [Thread-3 (]: Opening a new connection, currently in state closed
[0m11:54:20.470523 [debug] [Thread-2 (]: SQL status: SELECT 1 in 0.045 seconds
[0m11:54:20.472756 [debug] [Thread-2 (]: On test.marketpulse.source_not_null_raw_daily_prices_ticker.f54fdf2e37: ROLLBACK
[0m11:54:20.474263 [debug] [Thread-2 (]: On test.marketpulse.source_not_null_raw_daily_prices_ticker.f54fdf2e37: Close
[0m11:54:20.475500 [info ] [Thread-2 (]: 18 of 22 PASS source_not_null_raw_daily_prices_ticker .......................... [[32mPASS[0m in 0.10s]
[0m11:54:20.477375 [debug] [Thread-2 (]: Finished running node test.marketpulse.source_not_null_raw_daily_prices_ticker.f54fdf2e37
[0m11:54:20.477984 [debug] [Thread-2 (]: Began running node test.marketpulse.unique_stg_daily_prices_price_id.da3aecbed4
[0m11:54:20.478672 [info ] [Thread-2 (]: 22 of 22 START test unique_stg_daily_prices_price_id ........................... [RUN]
[0m11:54:20.479560 [debug] [Thread-2 (]: Re-using an available connection from the pool (formerly test.marketpulse.source_not_null_raw_daily_prices_ticker.f54fdf2e37, now test.marketpulse.unique_stg_daily_prices_price_id.da3aecbed4)
[0m11:54:20.480156 [debug] [Thread-2 (]: Began compiling node test.marketpulse.unique_stg_daily_prices_price_id.da3aecbed4
[0m11:54:20.493006 [debug] [Thread-2 (]: Writing injected SQL for node "test.marketpulse.unique_stg_daily_prices_price_id.da3aecbed4"
[0m11:54:20.493563 [debug] [Thread-1 (]: SQL status: SELECT 1 in 0.034 seconds
[0m11:54:20.495877 [debug] [Thread-1 (]: On test.marketpulse.source_not_null_streaming_market_ticks_close.c58078dc3e: ROLLBACK
[0m11:54:20.496899 [debug] [Thread-2 (]: Began executing node test.marketpulse.unique_stg_daily_prices_price_id.da3aecbed4
[0m11:54:20.500336 [debug] [Thread-2 (]: Writing runtime sql for node "test.marketpulse.unique_stg_daily_prices_price_id.da3aecbed4"
[0m11:54:20.497731 [debug] [Thread-1 (]: On test.marketpulse.source_not_null_streaming_market_ticks_close.c58078dc3e: Close
[0m11:54:20.501149 [debug] [Thread-3 (]: SQL status: SELECT 1 in 0.031 seconds
[0m11:54:20.504360 [debug] [Thread-3 (]: On test.marketpulse.source_not_null_streaming_market_ticks_ts.d9c4be3af3: ROLLBACK
[0m11:54:20.501714 [debug] [Thread-4 (]: SQL status: SELECT 1 in 0.039 seconds
[0m11:54:20.507576 [debug] [Thread-4 (]: On test.marketpulse.source_not_null_streaming_market_ticks_ticker.4749244045: ROLLBACK
[0m11:54:20.505291 [info ] [Thread-1 (]: 19 of 22 PASS source_not_null_streaming_market_ticks_close ..................... [[32mPASS[0m in 0.09s]
[0m11:54:20.508955 [debug] [Thread-1 (]: Finished running node test.marketpulse.source_not_null_streaming_market_ticks_close.c58078dc3e
[0m11:54:20.509622 [debug] [Thread-2 (]: Using postgres connection "test.marketpulse.unique_stg_daily_prices_price_id.da3aecbed4"
[0m11:54:20.510628 [debug] [Thread-2 (]: On test.marketpulse.unique_stg_daily_prices_price_id.da3aecbed4: /* {"app": "dbt", "dbt_version": "1.12.0", "profile_name": "marketpulse", "target_name": "dev", "node_id": "test.marketpulse.unique_stg_daily_prices_price_id.da3aecbed4"} */

    
    select
      count(*) as failures,
      count(*) != 0 as should_warn,
      count(*) != 0 as should_error
    from (
      
    
  
    
    

select
    price_id as unique_field,
    count(*) as n_records

from "marketpulse"."analytics"."stg_daily_prices"
where price_id is not null
group by price_id
having count(*) > 1



  
  
      
    ) dbt_internal_test
[0m11:54:20.508158 [debug] [Thread-3 (]: On test.marketpulse.source_not_null_streaming_market_ticks_ts.d9c4be3af3: Close
[0m11:54:20.509991 [debug] [Thread-4 (]: On test.marketpulse.source_not_null_streaming_market_ticks_ticker.4749244045: Close
[0m11:54:20.511021 [debug] [Thread-2 (]: Opening a new connection, currently in state closed
[0m11:54:20.512480 [info ] [Thread-3 (]: 21 of 22 PASS source_not_null_streaming_market_ticks_ts ........................ [[32mPASS[0m in 0.07s]
[0m11:54:20.515351 [debug] [Thread-3 (]: Finished running node test.marketpulse.source_not_null_streaming_market_ticks_ts.d9c4be3af3
[0m11:54:20.513719 [info ] [Thread-4 (]: 20 of 22 PASS source_not_null_streaming_market_ticks_ticker .................... [[32mPASS[0m in 0.09s]
[0m11:54:20.516906 [debug] [Thread-4 (]: Finished running node test.marketpulse.source_not_null_streaming_market_ticks_ticker.4749244045
[0m11:54:20.534927 [debug] [Thread-2 (]: SQL status: SELECT 1 in 0.024 seconds
[0m11:54:20.536753 [debug] [Thread-2 (]: On test.marketpulse.unique_stg_daily_prices_price_id.da3aecbed4: ROLLBACK
[0m11:54:20.537898 [debug] [Thread-2 (]: On test.marketpulse.unique_stg_daily_prices_price_id.da3aecbed4: Close
[0m11:54:20.538865 [info ] [Thread-2 (]: 22 of 22 PASS unique_stg_daily_prices_price_id ................................. [[32mPASS[0m in 0.06s]
[0m11:54:20.539838 [debug] [Thread-2 (]: Finished running node test.marketpulse.unique_stg_daily_prices_price_id.da3aecbed4
[0m11:54:20.541665 [debug] [MainThread]: On master: COMMIT
[0m11:54:20.542034 [debug] [MainThread]: Using postgres connection "master"
[0m11:54:20.542518 [debug] [MainThread]: On master: COMMIT
[0m11:54:20.542955 [debug] [MainThread]: Opening a new connection, currently in state closed
[0m11:54:20.558179 [debug] [MainThread]: SQL status: COMMIT in 0.015 seconds
[0m11:54:20.558634 [debug] [MainThread]: On master: Close
[0m11:54:20.559338 [debug] [MainThread]: Connection 'master' was properly closed.
[0m11:54:20.560023 [debug] [MainThread]: Connection 'list_marketpulse_analytics' was properly closed.
[0m11:54:20.560347 [debug] [MainThread]: Connection 'test.marketpulse.source_not_null_streaming_market_ticks_ts.d9c4be3af3' was properly closed.
[0m11:54:20.560673 [debug] [MainThread]: Connection 'test.marketpulse.source_not_null_streaming_market_ticks_ticker.4749244045' was properly closed.
[0m11:54:20.560964 [debug] [MainThread]: Connection 'test.marketpulse.unique_stg_daily_prices_price_id.da3aecbed4' was properly closed.
[0m11:54:20.561418 [debug] [MainThread]: Connection 'test.marketpulse.source_not_null_streaming_market_ticks_close.c58078dc3e' was properly closed.
[0m11:54:20.562000 [info ] [MainThread]: 
[0m11:54:20.562737 [info ] [MainThread]: Finished running 22 data tests in 0 hours 0 minutes and 0.80 seconds (0.80s).
[0m11:54:20.567473 [debug] [MainThread]: Command end result
[0m11:54:20.606016 [debug] [MainThread]: Wrote artifact WritableManifest to dbt\target\manifest.json
[0m11:54:20.609847 [debug] [MainThread]: Wrote artifact SemanticManifest to dbt\target\semantic_manifest.json
[0m11:54:20.614014 [debug] [MainThread]: Wrote artifact OsiDocument to dbt\target\osi_document.json
[0m11:54:20.623779 [debug] [MainThread]: Wrote artifact RunExecutionResult to dbt\target\run_results.json
[0m11:54:20.624331 [info ] [MainThread]: 
[0m11:54:20.625016 [info ] [MainThread]: [31mCompleted with 1 error, 0 partial successes, and 0 warnings:[0m
[0m11:54:20.625537 [info ] [MainThread]: 
[0m11:54:20.626073 [error] [MainThread]: [[31mERROR[0m]: in test source_not_null_raw_daily_prices_close (models\sources.yml)
[0m11:54:20.626667 [error] [MainThread]:   Got 1 result, configured to fail if != 0
[0m11:54:20.627124 [info ] [MainThread]: 
[0m11:54:20.627728 [info ] [MainThread]:   compiled code at target\compiled\marketpulse\models\sources.yml\source_not_null_raw_daily_prices_close.sql
[0m11:54:20.628288 [info ] [MainThread]: 
[0m11:54:20.628814 [info ] [MainThread]: Done. PASS=21 WARN=0 ERROR=1 SKIP=0 NO-OP=0 REUSED=0 TOTAL=22
[0m11:54:20.629877 [debug] [MainThread]: Command `dbt test` failed at 11:54:20.629724 after 1.94 seconds
[0m11:54:20.630344 [debug] [MainThread]: Sending event: {'category': 'dbt', 'action': 'invocation', 'label': 'end', 'context': [<snowplow_tracker.self_describing_json.SelfDescribingJson object at 0x00000211AA712210>, <snowplow_tracker.self_describing_json.SelfDescribingJson object at 0x00000211AABC6FC0>, <snowplow_tracker.self_describing_json.SelfDescribingJson object at 0x00000211AABC68E0>]}
[0m11:54:20.630723 [debug] [MainThread]: Flushing usage events
[0m11:54:21.590752 [debug] [MainThread]: An error was encountered while trying to flush usage events
[0m11:58:33.986712 [debug] [MainThread]: Sending event: {'category': 'dbt', 'action': 'invocation', 'label': 'start', 'context': [<snowplow_tracker.self_describing_json.SelfDescribingJson object at 0x0000023323823380>, <snowplow_tracker.self_describing_json.SelfDescribingJson object at 0x0000023321174F50>, <snowplow_tracker.self_describing_json.SelfDescribingJson object at 0x00000233261CF890>]}


============================== 11:58:33.991827 | d2d45d4a-80ca-4387-bdbb-d6148acf4d14 ==============================
[0m11:58:33.991827 [info ] [MainThread]: Running with dbt=1.12.0
[0m11:58:33.992755 [debug] [MainThread]: running dbt with arguments {'static_parser': 'True', 'no_print': 'None', 'maximum_seed_size_mib': '1', 'warn_error_options': 'WarnErrorOptionsV2(error=[], warn=[], silence=[])', 'version_check': 'True', 'target_path': 'None', 'printer_width': '80', 'write_json': 'True', 'introspect': 'True', 'log_cache_events': 'False', 'empty': 'None', 'cache_selected_only': 'False', 'fail_fast': 'False', 'debug': 'False', 'log_format': 'default', 'profiles_dir': './dbt', 'send_anonymous_usage_stats': 'True', 'quiet': 'False', 'warn_error': 'None', 'partial_parse': 'True', 'use_colors': 'True', 'hints_enabled': 'True', 'invocation_command': 'dbt test --project-dir dbt', 'use_experimental_parser': 'False', 'indirect_selection': 'eager', 'log_path': 'dbt\\logs'}
[0m11:58:34.280405 [debug] [MainThread]: Sending event: {'category': 'dbt', 'action': 'project_id', 'label': 'd2d45d4a-80ca-4387-bdbb-d6148acf4d14', 'context': [<snowplow_tracker.self_describing_json.SelfDescribingJson object at 0x000002332612F6F0>]}
[0m11:58:34.359770 [debug] [MainThread]: Sending event: {'category': 'dbt', 'action': 'adapter_info', 'label': 'd2d45d4a-80ca-4387-bdbb-d6148acf4d14', 'context': [<snowplow_tracker.self_describing_json.SelfDescribingJson object at 0x0000023321126250>]}
[0m11:58:34.361349 [info ] [MainThread]: Registered adapter: postgres=1.11.0
[0m11:58:34.713934 [debug] [MainThread]: checksum: 5326f82c21c1378b6440efb4cb9444135c552323e395b4a53ef66c4a73371aab, vars: {}, profile: marketpulse, target: dev, version: 1.12.0
[0m11:58:34.901404 [debug] [MainThread]: Partial parsing enabled: 0 files deleted, 0 files added, 0 files changed.
[0m11:58:34.901788 [debug] [MainThread]: Nothing changed, skipping partial parsing.
[0m11:58:34.902071 [debug] [MainThread]: Partial parsing enabled, no changes found, skipping parsing
[0m11:58:34.912762 [debug] [MainThread]: Sending event: {'category': 'dbt', 'action': 'load_project', 'label': 'd2d45d4a-80ca-4387-bdbb-d6148acf4d14', 'context': [<snowplow_tracker.self_describing_json.SelfDescribingJson object at 0x000002332680BC50>]}
[0m11:58:35.111218 [debug] [MainThread]: Wrote artifact WritableManifest to dbt\target\manifest.json
[0m11:58:35.114714 [debug] [MainThread]: Wrote artifact SemanticManifest to dbt\target\semantic_manifest.json
[0m11:58:35.144249 [debug] [MainThread]: Wrote artifact OsiDocument to dbt\target\osi_document.json
[0m11:58:35.172667 [debug] [MainThread]: Sending event: {'category': 'dbt', 'action': 'resource_counts', 'label': 'd2d45d4a-80ca-4387-bdbb-d6148acf4d14', 'context': [<snowplow_tracker.self_describing_json.SelfDescribingJson object at 0x000002332696EA80>]}
[0m11:58:35.173503 [info ] [MainThread]: Found 5 models, 22 data tests, 2 sources, 477 macros
[0m11:58:35.174151 [debug] [MainThread]: Sending event: {'category': 'dbt', 'action': 'runnable_timing', 'label': 'd2d45d4a-80ca-4387-bdbb-d6148acf4d14', 'context': [<snowplow_tracker.self_describing_json.SelfDescribingJson object at 0x0000023326A0F850>]}
[0m11:58:35.178328 [info ] [MainThread]: 
[0m11:58:35.178994 [info ] [MainThread]: Concurrency: 4 threads (target='dev')
[0m11:58:35.179450 [info ] [MainThread]: 
[0m11:58:35.180339 [debug] [MainThread]: Acquiring new postgres connection 'master'
[0m11:58:35.186712 [debug] [ThreadPool]: Acquiring new postgres connection 'list_marketpulse_analytics'
[0m11:58:35.284615 [debug] [ThreadPool]: Using postgres connection "list_marketpulse_analytics"
[0m11:58:35.285059 [debug] [ThreadPool]: On list_marketpulse_analytics: /* {"app": "dbt", "dbt_version": "1.12.0", "profile_name": "marketpulse", "target_name": "dev", "connection_name": "list_marketpulse_analytics"} */
select
      'marketpulse' as database,
      tablename as name,
      schemaname as schema,
      'table' as type
    from pg_tables
    where schemaname ilike 'analytics'
    union all
    select
      'marketpulse' as database,
      viewname as name,
      schemaname as schema,
      'view' as type
    from pg_views
    where schemaname ilike 'analytics'
    union all
    select
      'marketpulse' as database,
      matviewname as name,
      schemaname as schema,
      'materialized_view' as type
    from pg_matviews
    where schemaname ilike 'analytics'
    union all
    select distinct
     'marketpulse' as database,
     proname as name,
     ns.nspname as schema,
     'function' as type
    from pg_proc
     join pg_namespace as ns on pronamespace = ns.oid
    where ns.nspname ilike 'analytics'
  
[0m11:58:35.285410 [debug] [ThreadPool]: Opening a new connection, currently in state init
[0m11:58:35.316983 [debug] [ThreadPool]: SQL status: SELECT 5 in 0.031 seconds
[0m11:58:35.319280 [debug] [ThreadPool]: On list_marketpulse_analytics: ROLLBACK
[0m11:58:35.320778 [debug] [ThreadPool]: On list_marketpulse_analytics: Close
[0m11:58:35.329323 [debug] [MainThread]: Using postgres connection "master"
[0m11:58:35.329915 [debug] [MainThread]: On master: /* {"app": "dbt", "dbt_version": "1.12.0", "profile_name": "marketpulse", "target_name": "dev", "connection_name": "master"} */
select distinct
        dependent_namespace.nspname as dependent_schema,
        dependent_class.relname as dependent_name,
        referenced_namespace.nspname as referenced_schema,
        referenced_class.relname as referenced_name

    -- Query for views: views are entries in pg_class with an entry in pg_rewrite, but we avoid
    -- a seq scan on pg_rewrite by leveraging the fact there is an "internal" row in pg_depend for
    -- the view...
    from pg_class as dependent_class
    join pg_namespace as dependent_namespace on dependent_namespace.oid = dependent_class.relnamespace
    join pg_depend as dependent_depend on dependent_depend.refobjid = dependent_class.oid
        and dependent_depend.classid = 'pg_rewrite'::regclass
        and dependent_depend.refclassid = 'pg_class'::regclass
        and dependent_depend.deptype = 'i'

    -- ... and via pg_depend (that has a row per column, hence the need for "distinct" above, and
    -- making sure to exclude the internal row to avoid a view appearing to depend on itself)...
    join pg_depend as joining_depend on joining_depend.objid = dependent_depend.objid
        and joining_depend.classid = 'pg_rewrite'::regclass
        and joining_depend.refclassid = 'pg_class'::regclass
        and joining_depend.refobjid != dependent_depend.refobjid

    -- ... we can find the tables they query from in pg_class, but excluding system tables. Note we
    -- don't need need to exclude _dependent_ system tables, because they only query from other
    -- system tables, and so are automatically excluded by excluding _referenced_ system tables
    join pg_class as referenced_class on referenced_class.oid = joining_depend.refobjid
    join pg_namespace as referenced_namespace on referenced_namespace.oid = referenced_class.relnamespace
        and referenced_namespace.nspname != 'information_schema'
        and referenced_namespace.nspname not like 'pg\_%'

    order by
        dependent_schema, dependent_name, referenced_schema, referenced_name;
[0m11:58:35.330445 [debug] [MainThread]: Opening a new connection, currently in state init
[0m11:58:35.369942 [debug] [MainThread]: SQL status: SELECT 2 in 0.039 seconds
[0m11:58:35.372247 [debug] [MainThread]: Sending event: {'category': 'dbt', 'action': 'runnable_timing', 'label': 'd2d45d4a-80ca-4387-bdbb-d6148acf4d14', 'context': [<snowplow_tracker.self_describing_json.SelfDescribingJson object at 0x0000023326C56410>]}
[0m11:58:35.373165 [debug] [MainThread]: On master: ROLLBACK
[0m11:58:35.374708 [debug] [MainThread]: On master: COMMIT
[0m11:58:35.375234 [debug] [MainThread]: Using postgres connection "master"
[0m11:58:35.375684 [debug] [MainThread]: On master: COMMIT
[0m11:58:35.377398 [debug] [MainThread]: SQL status: COMMIT in 0.001 seconds
[0m11:58:35.377975 [debug] [MainThread]: On master: Close
[0m11:58:35.384645 [debug] [Thread-1 (]: Began running node test.marketpulse.not_null_daily_returns_close.ce51199156
[0m11:58:35.385411 [debug] [Thread-3 (]: Began running node test.marketpulse.not_null_daily_returns_ticker.2a93ed2341
[0m11:58:35.386094 [debug] [Thread-4 (]: Began running node test.marketpulse.not_null_moving_averages_close.7976385409
[0m11:58:35.386647 [debug] [Thread-2 (]: Began running node test.marketpulse.not_null_daily_returns_date.10dc2378c6
[0m11:58:35.387631 [info ] [Thread-1 (]: 1 of 22 START test not_null_daily_returns_close ................................ [RUN]
[0m11:58:35.388499 [info ] [Thread-3 (]: 3 of 22 START test not_null_daily_returns_ticker ............................... [RUN]
[0m11:58:35.389402 [info ] [Thread-4 (]: 4 of 22 START test not_null_moving_averages_close .............................. [RUN]
[0m11:58:35.390417 [info ] [Thread-2 (]: 2 of 22 START test not_null_daily_returns_date ................................. [RUN]
[0m11:58:35.391586 [debug] [Thread-1 (]: Acquiring new postgres connection 'test.marketpulse.not_null_daily_returns_close.ce51199156'
[0m11:58:35.392446 [debug] [Thread-3 (]: Acquiring new postgres connection 'test.marketpulse.not_null_daily_returns_ticker.2a93ed2341'
[0m11:58:35.393459 [debug] [Thread-4 (]: Acquiring new postgres connection 'test.marketpulse.not_null_moving_averages_close.7976385409'
[0m11:58:35.394233 [debug] [Thread-2 (]: Acquiring new postgres connection 'test.marketpulse.not_null_daily_returns_date.10dc2378c6'
[0m11:58:35.394839 [debug] [Thread-1 (]: Began compiling node test.marketpulse.not_null_daily_returns_close.ce51199156
[0m11:58:35.395469 [debug] [Thread-3 (]: Began compiling node test.marketpulse.not_null_daily_returns_ticker.2a93ed2341
[0m11:58:35.396036 [debug] [Thread-4 (]: Began compiling node test.marketpulse.not_null_moving_averages_close.7976385409
[0m11:58:35.396678 [debug] [Thread-2 (]: Began compiling node test.marketpulse.not_null_daily_returns_date.10dc2378c6
[0m11:58:35.443006 [debug] [Thread-1 (]: Writing injected SQL for node "test.marketpulse.not_null_daily_returns_close.ce51199156"
[0m11:58:35.454012 [debug] [Thread-3 (]: Writing injected SQL for node "test.marketpulse.not_null_daily_returns_ticker.2a93ed2341"
[0m11:58:35.465668 [debug] [Thread-4 (]: Writing injected SQL for node "test.marketpulse.not_null_moving_averages_close.7976385409"
[0m11:58:35.476449 [debug] [Thread-2 (]: Writing injected SQL for node "test.marketpulse.not_null_daily_returns_date.10dc2378c6"
[0m11:58:35.478143 [debug] [Thread-1 (]: Began executing node test.marketpulse.not_null_daily_returns_close.ce51199156
[0m11:58:35.487429 [debug] [Thread-3 (]: Began executing node test.marketpulse.not_null_daily_returns_ticker.2a93ed2341
[0m11:58:35.488156 [debug] [Thread-2 (]: Began executing node test.marketpulse.not_null_daily_returns_date.10dc2378c6
[0m11:58:35.488602 [debug] [Thread-4 (]: Began executing node test.marketpulse.not_null_moving_averages_close.7976385409
[0m11:58:35.502077 [debug] [Thread-1 (]: Writing runtime sql for node "test.marketpulse.not_null_daily_returns_close.ce51199156"
[0m11:58:35.503977 [debug] [Thread-3 (]: Writing runtime sql for node "test.marketpulse.not_null_daily_returns_ticker.2a93ed2341"
[0m11:58:35.505826 [debug] [Thread-2 (]: Writing runtime sql for node "test.marketpulse.not_null_daily_returns_date.10dc2378c6"
[0m11:58:35.507649 [debug] [Thread-4 (]: Writing runtime sql for node "test.marketpulse.not_null_moving_averages_close.7976385409"
[0m11:58:35.509454 [debug] [Thread-3 (]: Using postgres connection "test.marketpulse.not_null_daily_returns_ticker.2a93ed2341"
[0m11:58:35.510208 [debug] [Thread-3 (]: On test.marketpulse.not_null_daily_returns_ticker.2a93ed2341: /* {"app": "dbt", "dbt_version": "1.12.0", "profile_name": "marketpulse", "target_name": "dev", "node_id": "test.marketpulse.not_null_daily_returns_ticker.2a93ed2341"} */

    
    select
      count(*) as failures,
      count(*) != 0 as should_warn,
      count(*) != 0 as should_error
    from (
      
    
  
    
    



select ticker
from "marketpulse"."analytics"."daily_returns"
where ticker is null



  
  
      
    ) dbt_internal_test
[0m11:58:35.510878 [debug] [Thread-3 (]: Opening a new connection, currently in state init
[0m11:58:35.511878 [debug] [Thread-1 (]: Using postgres connection "test.marketpulse.not_null_daily_returns_close.ce51199156"
[0m11:58:35.513180 [debug] [Thread-1 (]: On test.marketpulse.not_null_daily_returns_close.ce51199156: /* {"app": "dbt", "dbt_version": "1.12.0", "profile_name": "marketpulse", "target_name": "dev", "node_id": "test.marketpulse.not_null_daily_returns_close.ce51199156"} */

    
    select
      count(*) as failures,
      count(*) != 0 as should_warn,
      count(*) != 0 as should_error
    from (
      
    
  
    
    



select close
from "marketpulse"."analytics"."daily_returns"
where close is null



  
  
      
    ) dbt_internal_test
[0m11:58:35.514481 [debug] [Thread-1 (]: Opening a new connection, currently in state init
[0m11:58:35.512623 [debug] [Thread-4 (]: Using postgres connection "test.marketpulse.not_null_moving_averages_close.7976385409"
[0m11:58:35.515178 [debug] [Thread-4 (]: On test.marketpulse.not_null_moving_averages_close.7976385409: /* {"app": "dbt", "dbt_version": "1.12.0", "profile_name": "marketpulse", "target_name": "dev", "node_id": "test.marketpulse.not_null_moving_averages_close.7976385409"} */

    
    select
      count(*) as failures,
      count(*) != 0 as should_warn,
      count(*) != 0 as should_error
    from (
      
    
  
    
    



select close
from "marketpulse"."analytics"."moving_averages"
where close is null



  
  
      
    ) dbt_internal_test
[0m11:58:35.513922 [debug] [Thread-2 (]: Using postgres connection "test.marketpulse.not_null_daily_returns_date.10dc2378c6"
[0m11:58:35.516525 [debug] [Thread-2 (]: On test.marketpulse.not_null_daily_returns_date.10dc2378c6: /* {"app": "dbt", "dbt_version": "1.12.0", "profile_name": "marketpulse", "target_name": "dev", "node_id": "test.marketpulse.not_null_daily_returns_date.10dc2378c6"} */

    
    select
      count(*) as failures,
      count(*) != 0 as should_warn,
      count(*) != 0 as should_error
    from (
      
    
  
    
    



select date
from "marketpulse"."analytics"."daily_returns"
where date is null



  
  
      
    ) dbt_internal_test
[0m11:58:35.517152 [debug] [Thread-2 (]: Opening a new connection, currently in state init
[0m11:58:35.515790 [debug] [Thread-4 (]: Opening a new connection, currently in state init
[0m11:58:35.532362 [debug] [Thread-3 (]: SQL status: SELECT 1 in 0.021 seconds
[0m11:58:35.537035 [debug] [Thread-3 (]: On test.marketpulse.not_null_daily_returns_ticker.2a93ed2341: ROLLBACK
[0m11:58:35.538260 [debug] [Thread-3 (]: On test.marketpulse.not_null_daily_returns_ticker.2a93ed2341: Close
[0m11:58:35.540290 [debug] [Thread-1 (]: SQL status: SELECT 1 in 0.026 seconds
[0m11:58:35.542355 [debug] [Thread-1 (]: On test.marketpulse.not_null_daily_returns_close.ce51199156: ROLLBACK
[0m11:58:35.542837 [debug] [Thread-4 (]: SQL status: SELECT 1 in 0.027 seconds
[0m11:58:35.539653 [info ] [Thread-3 (]: 3 of 22 PASS not_null_daily_returns_ticker ..................................... [[32mPASS[0m in 0.15s]
[0m11:58:35.545729 [debug] [Thread-3 (]: Finished running node test.marketpulse.not_null_daily_returns_ticker.2a93ed2341
[0m11:58:35.544699 [debug] [Thread-2 (]: SQL status: SELECT 1 in 0.028 seconds
[0m11:58:35.545114 [debug] [Thread-1 (]: On test.marketpulse.not_null_daily_returns_close.ce51199156: Close
[0m11:58:35.544288 [debug] [Thread-4 (]: On test.marketpulse.not_null_moving_averages_close.7976385409: ROLLBACK
[0m11:58:35.546192 [debug] [Thread-3 (]: Began running node test.marketpulse.not_null_moving_averages_date.2eb91e4683
[0m11:58:35.547522 [debug] [Thread-2 (]: On test.marketpulse.not_null_daily_returns_date.10dc2378c6: ROLLBACK
[0m11:58:35.548314 [info ] [Thread-3 (]: 5 of 22 START test not_null_moving_averages_date ............................... [RUN]
[0m11:58:35.551022 [debug] [Thread-3 (]: Re-using an available connection from the pool (formerly test.marketpulse.not_null_daily_returns_ticker.2a93ed2341, now test.marketpulse.not_null_moving_averages_date.2eb91e4683)
[0m11:58:35.552462 [debug] [Thread-3 (]: Began compiling node test.marketpulse.not_null_moving_averages_date.2eb91e4683
[0m11:58:35.560340 [debug] [Thread-3 (]: Writing injected SQL for node "test.marketpulse.not_null_moving_averages_date.2eb91e4683"
[0m11:58:35.549191 [info ] [Thread-1 (]: 1 of 22 PASS not_null_daily_returns_close ...................................... [[32mPASS[0m in 0.16s]
[0m11:58:35.550113 [debug] [Thread-4 (]: On test.marketpulse.not_null_moving_averages_close.7976385409: Close
[0m11:58:35.551829 [debug] [Thread-2 (]: On test.marketpulse.not_null_daily_returns_date.10dc2378c6: Close
[0m11:58:35.561224 [debug] [Thread-1 (]: Finished running node test.marketpulse.not_null_daily_returns_close.ce51199156
[0m11:58:35.562161 [debug] [Thread-1 (]: Began running node test.marketpulse.not_null_moving_averages_ticker.45980fddb8
[0m11:58:35.563556 [info ] [Thread-4 (]: 4 of 22 PASS not_null_moving_averages_close .................................... [[32mPASS[0m in 0.17s]
[0m11:58:35.566595 [debug] [Thread-4 (]: Finished running node test.marketpulse.not_null_moving_averages_close.7976385409
[0m11:58:35.567174 [debug] [Thread-4 (]: Began running node test.marketpulse.not_null_stg_daily_prices_close.d40d7effea
[0m11:58:35.567897 [debug] [Thread-3 (]: Began executing node test.marketpulse.not_null_moving_averages_date.2eb91e4683
[0m11:58:35.570620 [debug] [Thread-3 (]: Writing runtime sql for node "test.marketpulse.not_null_moving_averages_date.2eb91e4683"
[0m11:58:35.565722 [info ] [Thread-1 (]: 6 of 22 START test not_null_moving_averages_ticker ............................. [RUN]
[0m11:58:35.564935 [info ] [Thread-2 (]: 2 of 22 PASS not_null_daily_returns_date ....................................... [[32mPASS[0m in 0.17s]
[0m11:58:35.572753 [debug] [Thread-2 (]: Finished running node test.marketpulse.not_null_daily_returns_date.10dc2378c6
[0m11:58:35.568699 [info ] [Thread-4 (]: 7 of 22 START test not_null_stg_daily_prices_close ............................. [RUN]
[0m11:58:35.571436 [debug] [Thread-1 (]: Re-using an available connection from the pool (formerly test.marketpulse.not_null_daily_returns_close.ce51199156, now test.marketpulse.not_null_moving_averages_ticker.45980fddb8)
[0m11:58:35.573610 [debug] [Thread-2 (]: Began running node test.marketpulse.not_null_stg_daily_prices_date.f15fb24543
[0m11:58:35.574567 [debug] [Thread-4 (]: Re-using an available connection from the pool (formerly test.marketpulse.not_null_moving_averages_close.7976385409, now test.marketpulse.not_null_stg_daily_prices_close.d40d7effea)
[0m11:58:35.575391 [debug] [Thread-3 (]: Using postgres connection "test.marketpulse.not_null_moving_averages_date.2eb91e4683"
[0m11:58:35.575883 [debug] [Thread-1 (]: Began compiling node test.marketpulse.not_null_moving_averages_ticker.45980fddb8
[0m11:58:35.587132 [debug] [Thread-1 (]: Writing injected SQL for node "test.marketpulse.not_null_moving_averages_ticker.45980fddb8"
[0m11:58:35.576484 [info ] [Thread-2 (]: 8 of 22 START test not_null_stg_daily_prices_date .............................. [RUN]
[0m11:58:35.578114 [debug] [Thread-3 (]: On test.marketpulse.not_null_moving_averages_date.2eb91e4683: /* {"app": "dbt", "dbt_version": "1.12.0", "profile_name": "marketpulse", "target_name": "dev", "node_id": "test.marketpulse.not_null_moving_averages_date.2eb91e4683"} */

    
    select
      count(*) as failures,
      count(*) != 0 as should_warn,
      count(*) != 0 as should_error
    from (
      
    
  
    
    



select date
from "marketpulse"."analytics"."moving_averages"
where date is null



  
  
      
    ) dbt_internal_test
[0m11:58:35.577009 [debug] [Thread-4 (]: Began compiling node test.marketpulse.not_null_stg_daily_prices_close.d40d7effea
[0m11:58:35.587797 [debug] [Thread-2 (]: Re-using an available connection from the pool (formerly test.marketpulse.not_null_daily_returns_date.10dc2378c6, now test.marketpulse.not_null_stg_daily_prices_date.f15fb24543)
[0m11:58:35.588489 [debug] [Thread-3 (]: Opening a new connection, currently in state closed
[0m11:58:35.597451 [debug] [Thread-4 (]: Writing injected SQL for node "test.marketpulse.not_null_stg_daily_prices_close.d40d7effea"
[0m11:58:35.598189 [debug] [Thread-2 (]: Began compiling node test.marketpulse.not_null_stg_daily_prices_date.f15fb24543
[0m11:58:35.598736 [debug] [Thread-1 (]: Began executing node test.marketpulse.not_null_moving_averages_ticker.45980fddb8
[0m11:58:35.611206 [debug] [Thread-1 (]: Writing runtime sql for node "test.marketpulse.not_null_moving_averages_ticker.45980fddb8"
[0m11:58:35.609307 [debug] [Thread-2 (]: Writing injected SQL for node "test.marketpulse.not_null_stg_daily_prices_date.f15fb24543"
[0m11:58:35.612532 [debug] [Thread-4 (]: Began executing node test.marketpulse.not_null_stg_daily_prices_close.d40d7effea
[0m11:58:35.615539 [debug] [Thread-4 (]: Writing runtime sql for node "test.marketpulse.not_null_stg_daily_prices_close.d40d7effea"
[0m11:58:35.617150 [debug] [Thread-1 (]: Using postgres connection "test.marketpulse.not_null_moving_averages_ticker.45980fddb8"
[0m11:58:35.618253 [debug] [Thread-1 (]: On test.marketpulse.not_null_moving_averages_ticker.45980fddb8: /* {"app": "dbt", "dbt_version": "1.12.0", "profile_name": "marketpulse", "target_name": "dev", "node_id": "test.marketpulse.not_null_moving_averages_ticker.45980fddb8"} */

    
    select
      count(*) as failures,
      count(*) != 0 as should_warn,
      count(*) != 0 as should_error
    from (
      
    
  
    
    



select ticker
from "marketpulse"."analytics"."moving_averages"
where ticker is null



  
  
      
    ) dbt_internal_test
[0m11:58:35.619041 [debug] [Thread-1 (]: Opening a new connection, currently in state closed
[0m11:58:35.619809 [debug] [Thread-2 (]: Began executing node test.marketpulse.not_null_stg_daily_prices_date.f15fb24543
[0m11:58:35.623024 [debug] [Thread-2 (]: Writing runtime sql for node "test.marketpulse.not_null_stg_daily_prices_date.f15fb24543"
[0m11:58:35.624542 [debug] [Thread-3 (]: SQL status: SELECT 1 in 0.036 seconds
[0m11:58:35.627863 [debug] [Thread-3 (]: On test.marketpulse.not_null_moving_averages_date.2eb91e4683: ROLLBACK
[0m11:58:35.626171 [debug] [Thread-4 (]: Using postgres connection "test.marketpulse.not_null_stg_daily_prices_close.d40d7effea"
[0m11:58:35.628534 [debug] [Thread-4 (]: On test.marketpulse.not_null_stg_daily_prices_close.d40d7effea: /* {"app": "dbt", "dbt_version": "1.12.0", "profile_name": "marketpulse", "target_name": "dev", "node_id": "test.marketpulse.not_null_stg_daily_prices_close.d40d7effea"} */

    
    select
      count(*) as failures,
      count(*) != 0 as should_warn,
      count(*) != 0 as should_error
    from (
      
    
  
    
    



select close
from "marketpulse"."analytics"."stg_daily_prices"
where close is null



  
  
      
    ) dbt_internal_test
[0m11:58:35.629181 [debug] [Thread-4 (]: Opening a new connection, currently in state closed
[0m11:58:35.629800 [debug] [Thread-3 (]: On test.marketpulse.not_null_moving_averages_date.2eb91e4683: Close
[0m11:58:35.630533 [debug] [Thread-2 (]: Using postgres connection "test.marketpulse.not_null_stg_daily_prices_date.f15fb24543"
[0m11:58:35.631716 [debug] [Thread-2 (]: On test.marketpulse.not_null_stg_daily_prices_date.f15fb24543: /* {"app": "dbt", "dbt_version": "1.12.0", "profile_name": "marketpulse", "target_name": "dev", "node_id": "test.marketpulse.not_null_stg_daily_prices_date.f15fb24543"} */

    
    select
      count(*) as failures,
      count(*) != 0 as should_warn,
      count(*) != 0 as should_error
    from (
      
    
  
    
    



select date
from "marketpulse"."analytics"."stg_daily_prices"
where date is null



  
  
      
    ) dbt_internal_test
[0m11:58:35.633448 [debug] [Thread-2 (]: Opening a new connection, currently in state closed
[0m11:58:35.632691 [info ] [Thread-3 (]: 5 of 22 PASS not_null_moving_averages_date ..................................... [[32mPASS[0m in 0.08s]
[0m11:58:35.635226 [debug] [Thread-3 (]: Finished running node test.marketpulse.not_null_moving_averages_date.2eb91e4683
[0m11:58:35.636183 [debug] [Thread-3 (]: Began running node test.marketpulse.not_null_stg_daily_prices_price_id.d8177fe4bb
[0m11:58:35.637223 [info ] [Thread-3 (]: 9 of 22 START test not_null_stg_daily_prices_price_id .......................... [RUN]
[0m11:58:35.638534 [debug] [Thread-3 (]: Re-using an available connection from the pool (formerly test.marketpulse.not_null_moving_averages_date.2eb91e4683, now test.marketpulse.not_null_stg_daily_prices_price_id.d8177fe4bb)
[0m11:58:35.639526 [debug] [Thread-3 (]: Began compiling node test.marketpulse.not_null_stg_daily_prices_price_id.d8177fe4bb
[0m11:58:35.651707 [debug] [Thread-3 (]: Writing injected SQL for node "test.marketpulse.not_null_stg_daily_prices_price_id.d8177fe4bb"
[0m11:58:35.652479 [debug] [Thread-1 (]: SQL status: SELECT 1 in 0.033 seconds
[0m11:58:35.655012 [debug] [Thread-1 (]: On test.marketpulse.not_null_moving_averages_ticker.45980fddb8: ROLLBACK
[0m11:58:35.657150 [debug] [Thread-3 (]: Began executing node test.marketpulse.not_null_stg_daily_prices_price_id.d8177fe4bb
[0m11:58:35.660826 [debug] [Thread-3 (]: Writing runtime sql for node "test.marketpulse.not_null_stg_daily_prices_price_id.d8177fe4bb"
[0m11:58:35.658129 [debug] [Thread-4 (]: SQL status: SELECT 1 in 0.029 seconds
[0m11:58:35.664267 [debug] [Thread-4 (]: On test.marketpulse.not_null_stg_daily_prices_close.d40d7effea: ROLLBACK
[0m11:58:35.662149 [debug] [Thread-1 (]: On test.marketpulse.not_null_moving_averages_ticker.45980fddb8: Close
[0m11:58:35.661487 [debug] [Thread-2 (]: SQL status: SELECT 1 in 0.028 seconds
[0m11:58:35.667197 [debug] [Thread-2 (]: On test.marketpulse.not_null_stg_daily_prices_date.f15fb24543: ROLLBACK
[0m11:58:35.667930 [debug] [Thread-3 (]: Using postgres connection "test.marketpulse.not_null_stg_daily_prices_price_id.d8177fe4bb"
[0m11:58:35.668634 [debug] [Thread-4 (]: On test.marketpulse.not_null_stg_daily_prices_close.d40d7effea: Close
[0m11:58:35.670175 [debug] [Thread-2 (]: On test.marketpulse.not_null_stg_daily_prices_date.f15fb24543: Close
[0m11:58:35.670862 [debug] [Thread-3 (]: On test.marketpulse.not_null_stg_daily_prices_price_id.d8177fe4bb: /* {"app": "dbt", "dbt_version": "1.12.0", "profile_name": "marketpulse", "target_name": "dev", "node_id": "test.marketpulse.not_null_stg_daily_prices_price_id.d8177fe4bb"} */

    
    select
      count(*) as failures,
      count(*) != 0 as should_warn,
      count(*) != 0 as should_error
    from (
      
    
  
    
    



select price_id
from "marketpulse"."analytics"."stg_daily_prices"
where price_id is null



  
  
      
    ) dbt_internal_test
[0m11:58:35.669445 [info ] [Thread-1 (]: 6 of 22 PASS not_null_moving_averages_ticker ................................... [[32mPASS[0m in 0.10s]
[0m11:58:35.676858 [debug] [Thread-1 (]: Finished running node test.marketpulse.not_null_moving_averages_ticker.45980fddb8
[0m11:58:35.673553 [info ] [Thread-4 (]: 7 of 22 PASS not_null_stg_daily_prices_close ................................... [[32mPASS[0m in 0.10s]
[0m11:58:35.674662 [info ] [Thread-2 (]: 8 of 22 PASS not_null_stg_daily_prices_date .................................... [[32mPASS[0m in 0.09s]
[0m11:58:35.675331 [debug] [Thread-3 (]: Opening a new connection, currently in state closed
[0m11:58:35.677783 [debug] [Thread-1 (]: Began running node test.marketpulse.not_null_stg_daily_prices_ticker.74fb8a1bbd
[0m11:58:35.678786 [debug] [Thread-4 (]: Finished running node test.marketpulse.not_null_stg_daily_prices_close.d40d7effea
[0m11:58:35.681113 [debug] [Thread-4 (]: Began running node test.marketpulse.not_null_stg_market_ticks_close.ac0df76ca1
[0m11:58:35.680445 [info ] [Thread-1 (]: 10 of 22 START test not_null_stg_daily_prices_ticker ........................... [RUN]
[0m11:58:35.679673 [debug] [Thread-2 (]: Finished running node test.marketpulse.not_null_stg_daily_prices_date.f15fb24543
[0m11:58:35.684508 [debug] [Thread-2 (]: Began running node test.marketpulse.not_null_stg_market_ticks_ticker.a8f2048f9c
[0m11:58:35.682302 [info ] [Thread-4 (]: 11 of 22 START test not_null_stg_market_ticks_close ............................ [RUN]
[0m11:58:35.683235 [debug] [Thread-1 (]: Re-using an available connection from the pool (formerly test.marketpulse.not_null_moving_averages_ticker.45980fddb8, now test.marketpulse.not_null_stg_daily_prices_ticker.74fb8a1bbd)
[0m11:58:35.687471 [debug] [Thread-1 (]: Began compiling node test.marketpulse.not_null_stg_daily_prices_ticker.74fb8a1bbd
[0m11:58:35.685365 [info ] [Thread-2 (]: 12 of 22 START test not_null_stg_market_ticks_ticker ........................... [RUN]
[0m11:58:35.686258 [debug] [Thread-4 (]: Re-using an available connection from the pool (formerly test.marketpulse.not_null_stg_daily_prices_close.d40d7effea, now test.marketpulse.not_null_stg_market_ticks_close.ac0df76ca1)
[0m11:58:35.699398 [debug] [Thread-1 (]: Writing injected SQL for node "test.marketpulse.not_null_stg_daily_prices_ticker.74fb8a1bbd"
[0m11:58:35.700395 [debug] [Thread-2 (]: Re-using an available connection from the pool (formerly test.marketpulse.not_null_stg_daily_prices_date.f15fb24543, now test.marketpulse.not_null_stg_market_ticks_ticker.a8f2048f9c)
[0m11:58:35.702717 [debug] [Thread-2 (]: Began compiling node test.marketpulse.not_null_stg_market_ticks_ticker.a8f2048f9c
[0m11:58:35.713847 [debug] [Thread-2 (]: Writing injected SQL for node "test.marketpulse.not_null_stg_market_ticks_ticker.a8f2048f9c"
[0m11:58:35.701555 [debug] [Thread-4 (]: Began compiling node test.marketpulse.not_null_stg_market_ticks_close.ac0df76ca1
[0m11:58:35.714768 [debug] [Thread-3 (]: SQL status: SELECT 1 in 0.039 seconds
[0m11:58:35.725669 [debug] [Thread-3 (]: On test.marketpulse.not_null_stg_daily_prices_price_id.d8177fe4bb: ROLLBACK
[0m11:58:35.728682 [debug] [Thread-4 (]: Writing injected SQL for node "test.marketpulse.not_null_stg_market_ticks_close.ac0df76ca1"
[0m11:58:35.729576 [debug] [Thread-1 (]: Began executing node test.marketpulse.not_null_stg_daily_prices_ticker.74fb8a1bbd
[0m11:58:35.734096 [debug] [Thread-1 (]: Writing runtime sql for node "test.marketpulse.not_null_stg_daily_prices_ticker.74fb8a1bbd"
[0m11:58:35.734650 [debug] [Thread-3 (]: On test.marketpulse.not_null_stg_daily_prices_price_id.d8177fe4bb: Close
[0m11:58:35.730505 [debug] [Thread-2 (]: Began executing node test.marketpulse.not_null_stg_market_ticks_ticker.a8f2048f9c
[0m11:58:35.735632 [debug] [Thread-4 (]: Began executing node test.marketpulse.not_null_stg_market_ticks_close.ac0df76ca1
[0m11:58:35.744355 [debug] [Thread-4 (]: Writing runtime sql for node "test.marketpulse.not_null_stg_market_ticks_close.ac0df76ca1"
[0m11:58:35.740679 [debug] [Thread-2 (]: Writing runtime sql for node "test.marketpulse.not_null_stg_market_ticks_ticker.a8f2048f9c"
[0m11:58:35.739230 [info ] [Thread-3 (]: 9 of 22 PASS not_null_stg_daily_prices_price_id ................................ [[32mPASS[0m in 0.10s]
[0m11:58:35.747466 [debug] [Thread-3 (]: Finished running node test.marketpulse.not_null_stg_daily_prices_price_id.d8177fe4bb
[0m11:58:35.746142 [debug] [Thread-1 (]: Using postgres connection "test.marketpulse.not_null_stg_daily_prices_ticker.74fb8a1bbd"
[0m11:58:35.748999 [debug] [Thread-1 (]: On test.marketpulse.not_null_stg_daily_prices_ticker.74fb8a1bbd: /* {"app": "dbt", "dbt_version": "1.12.0", "profile_name": "marketpulse", "target_name": "dev", "node_id": "test.marketpulse.not_null_stg_daily_prices_ticker.74fb8a1bbd"} */

    
    select
      count(*) as failures,
      count(*) != 0 as should_warn,
      count(*) != 0 as should_error
    from (
      
    
  
    
    



select ticker
from "marketpulse"."analytics"."stg_daily_prices"
where ticker is null



  
  
      
    ) dbt_internal_test
[0m11:58:35.748373 [debug] [Thread-3 (]: Began running node test.marketpulse.not_null_stg_market_ticks_ts.c9f2fe422d
[0m11:58:35.750024 [debug] [Thread-4 (]: Using postgres connection "test.marketpulse.not_null_stg_market_ticks_close.ac0df76ca1"
[0m11:58:35.750541 [debug] [Thread-1 (]: Opening a new connection, currently in state closed
[0m11:58:35.751926 [debug] [Thread-2 (]: Using postgres connection "test.marketpulse.not_null_stg_market_ticks_ticker.a8f2048f9c"
[0m11:58:35.751129 [info ] [Thread-3 (]: 13 of 22 START test not_null_stg_market_ticks_ts ............................... [RUN]
[0m11:58:35.753151 [debug] [Thread-4 (]: On test.marketpulse.not_null_stg_market_ticks_close.ac0df76ca1: /* {"app": "dbt", "dbt_version": "1.12.0", "profile_name": "marketpulse", "target_name": "dev", "node_id": "test.marketpulse.not_null_stg_market_ticks_close.ac0df76ca1"} */

    
    select
      count(*) as failures,
      count(*) != 0 as should_warn,
      count(*) != 0 as should_error
    from (
      
    
  
    
    



select close
from "marketpulse"."analytics"."stg_market_ticks"
where close is null



  
  
      
    ) dbt_internal_test
[0m11:58:35.756203 [debug] [Thread-4 (]: Opening a new connection, currently in state closed
[0m11:58:35.754996 [debug] [Thread-3 (]: Re-using an available connection from the pool (formerly test.marketpulse.not_null_stg_daily_prices_price_id.d8177fe4bb, now test.marketpulse.not_null_stg_market_ticks_ts.c9f2fe422d)
[0m11:58:35.754252 [debug] [Thread-2 (]: On test.marketpulse.not_null_stg_market_ticks_ticker.a8f2048f9c: /* {"app": "dbt", "dbt_version": "1.12.0", "profile_name": "marketpulse", "target_name": "dev", "node_id": "test.marketpulse.not_null_stg_market_ticks_ticker.a8f2048f9c"} */

    
    select
      count(*) as failures,
      count(*) != 0 as should_warn,
      count(*) != 0 as should_error
    from (
      
    
  
    
    



select ticker
from "marketpulse"."analytics"."stg_market_ticks"
where ticker is null



  
  
      
    ) dbt_internal_test
[0m11:58:35.760145 [debug] [Thread-2 (]: Opening a new connection, currently in state closed
[0m11:58:35.758869 [debug] [Thread-3 (]: Began compiling node test.marketpulse.not_null_stg_market_ticks_ts.c9f2fe422d
[0m11:58:35.773729 [debug] [Thread-3 (]: Writing injected SQL for node "test.marketpulse.not_null_stg_market_ticks_ts.c9f2fe422d"
[0m11:58:35.776345 [debug] [Thread-3 (]: Began executing node test.marketpulse.not_null_stg_market_ticks_ts.c9f2fe422d
[0m11:58:35.781226 [debug] [Thread-3 (]: Writing runtime sql for node "test.marketpulse.not_null_stg_market_ticks_ts.c9f2fe422d"
[0m11:58:35.782327 [debug] [Thread-1 (]: SQL status: SELECT 1 in 0.032 seconds
[0m11:58:35.786206 [debug] [Thread-1 (]: On test.marketpulse.not_null_stg_daily_prices_ticker.74fb8a1bbd: ROLLBACK
[0m11:58:35.787691 [debug] [Thread-3 (]: Using postgres connection "test.marketpulse.not_null_stg_market_ticks_ts.c9f2fe422d"
[0m11:58:35.788733 [debug] [Thread-1 (]: On test.marketpulse.not_null_stg_daily_prices_ticker.74fb8a1bbd: Close
[0m11:58:35.792597 [debug] [Thread-3 (]: On test.marketpulse.not_null_stg_market_ticks_ts.c9f2fe422d: /* {"app": "dbt", "dbt_version": "1.12.0", "profile_name": "marketpulse", "target_name": "dev", "node_id": "test.marketpulse.not_null_stg_market_ticks_ts.c9f2fe422d"} */

    
    select
      count(*) as failures,
      count(*) != 0 as should_warn,
      count(*) != 0 as should_error
    from (
      
    
  
    
    



select ts
from "marketpulse"."analytics"."stg_market_ticks"
where ts is null



  
  
      
    ) dbt_internal_test
[0m11:58:35.796981 [debug] [Thread-3 (]: Opening a new connection, currently in state closed
[0m11:58:35.795960 [info ] [Thread-1 (]: 10 of 22 PASS not_null_stg_daily_prices_ticker ................................. [[32mPASS[0m in 0.11s]
[0m11:58:35.799242 [debug] [Thread-1 (]: Finished running node test.marketpulse.not_null_stg_daily_prices_ticker.74fb8a1bbd
[0m11:58:35.800203 [debug] [Thread-1 (]: Began running node test.marketpulse.not_null_volatility_metrics_date.fbc54644e7
[0m11:58:35.801350 [debug] [Thread-2 (]: SQL status: SELECT 1 in 0.041 seconds
[0m11:58:35.806935 [debug] [Thread-2 (]: On test.marketpulse.not_null_stg_market_ticks_ticker.a8f2048f9c: ROLLBACK
[0m11:58:35.803655 [info ] [Thread-1 (]: 14 of 22 START test not_null_volatility_metrics_date ........................... [RUN]
[0m11:58:35.802758 [debug] [Thread-4 (]: SQL status: SELECT 1 in 0.047 seconds
[0m11:58:35.812114 [debug] [Thread-4 (]: On test.marketpulse.not_null_stg_market_ticks_close.ac0df76ca1: ROLLBACK
[0m11:58:35.809618 [debug] [Thread-2 (]: On test.marketpulse.not_null_stg_market_ticks_ticker.a8f2048f9c: Close
[0m11:58:35.808511 [debug] [Thread-1 (]: Re-using an available connection from the pool (formerly test.marketpulse.not_null_stg_daily_prices_ticker.74fb8a1bbd, now test.marketpulse.not_null_volatility_metrics_date.fbc54644e7)
[0m11:58:35.813424 [debug] [Thread-1 (]: Began compiling node test.marketpulse.not_null_volatility_metrics_date.fbc54644e7
[0m11:58:35.814315 [debug] [Thread-4 (]: On test.marketpulse.not_null_stg_market_ticks_close.ac0df76ca1: Close
[0m11:58:35.825104 [debug] [Thread-1 (]: Writing injected SQL for node "test.marketpulse.not_null_volatility_metrics_date.fbc54644e7"
[0m11:58:35.815443 [info ] [Thread-2 (]: 12 of 22 PASS not_null_stg_market_ticks_ticker ................................. [[32mPASS[0m in 0.12s]
[0m11:58:35.828352 [debug] [Thread-2 (]: Finished running node test.marketpulse.not_null_stg_market_ticks_ticker.a8f2048f9c
[0m11:58:35.829264 [debug] [Thread-2 (]: Began running node test.marketpulse.not_null_volatility_metrics_ticker.ba29972e62
[0m11:58:35.827298 [info ] [Thread-4 (]: 11 of 22 PASS not_null_stg_market_ticks_close .................................. [[32mPASS[0m in 0.14s]
[0m11:58:35.831603 [debug] [Thread-4 (]: Finished running node test.marketpulse.not_null_stg_market_ticks_close.ac0df76ca1
[0m11:58:35.832718 [debug] [Thread-4 (]: Began running node test.marketpulse.source_not_null_raw_daily_prices_close.b66d00a1ac
[0m11:58:35.833683 [debug] [Thread-1 (]: Began executing node test.marketpulse.not_null_volatility_metrics_date.fbc54644e7
[0m11:58:35.830322 [info ] [Thread-2 (]: 15 of 22 START test not_null_volatility_metrics_ticker ......................... [RUN]
[0m11:58:35.838515 [debug] [Thread-2 (]: Re-using an available connection from the pool (formerly test.marketpulse.not_null_stg_market_ticks_ticker.a8f2048f9c, now test.marketpulse.not_null_volatility_metrics_ticker.ba29972e62)
[0m11:58:35.834506 [info ] [Thread-4 (]: 16 of 22 START test source_not_null_raw_daily_prices_close ..................... [RUN]
[0m11:58:35.837938 [debug] [Thread-3 (]: SQL status: SELECT 1 in 0.041 seconds
[0m11:58:35.837099 [debug] [Thread-1 (]: Writing runtime sql for node "test.marketpulse.not_null_volatility_metrics_date.fbc54644e7"
[0m11:58:35.838994 [debug] [Thread-2 (]: Began compiling node test.marketpulse.not_null_volatility_metrics_ticker.ba29972e62
[0m11:58:35.839710 [debug] [Thread-4 (]: Re-using an available connection from the pool (formerly test.marketpulse.not_null_stg_market_ticks_close.ac0df76ca1, now test.marketpulse.source_not_null_raw_daily_prices_close.b66d00a1ac)
[0m11:58:35.841990 [debug] [Thread-3 (]: On test.marketpulse.not_null_stg_market_ticks_ts.c9f2fe422d: ROLLBACK
[0m11:58:35.854022 [debug] [Thread-2 (]: Writing injected SQL for node "test.marketpulse.not_null_volatility_metrics_ticker.ba29972e62"
[0m11:58:35.854675 [debug] [Thread-4 (]: Began compiling node test.marketpulse.source_not_null_raw_daily_prices_close.b66d00a1ac
[0m11:58:35.863480 [debug] [Thread-3 (]: On test.marketpulse.not_null_stg_market_ticks_ts.c9f2fe422d: Close
[0m11:58:35.865757 [debug] [Thread-1 (]: Using postgres connection "test.marketpulse.not_null_volatility_metrics_date.fbc54644e7"
[0m11:58:35.866742 [debug] [Thread-1 (]: On test.marketpulse.not_null_volatility_metrics_date.fbc54644e7: /* {"app": "dbt", "dbt_version": "1.12.0", "profile_name": "marketpulse", "target_name": "dev", "node_id": "test.marketpulse.not_null_volatility_metrics_date.fbc54644e7"} */

    
    select
      count(*) as failures,
      count(*) != 0 as should_warn,
      count(*) != 0 as should_error
    from (
      
    
  
    
    



select date
from "marketpulse"."analytics"."volatility_metrics"
where date is null



  
  
      
    ) dbt_internal_test
[0m11:58:35.867443 [debug] [Thread-1 (]: Opening a new connection, currently in state closed
[0m11:58:35.864836 [debug] [Thread-4 (]: Writing injected SQL for node "test.marketpulse.source_not_null_raw_daily_prices_close.b66d00a1ac"
[0m11:58:35.868214 [info ] [Thread-3 (]: 13 of 22 PASS not_null_stg_market_ticks_ts ..................................... [[32mPASS[0m in 0.11s]
[0m11:58:35.870320 [debug] [Thread-3 (]: Finished running node test.marketpulse.not_null_stg_market_ticks_ts.c9f2fe422d
[0m11:58:35.869108 [debug] [Thread-2 (]: Began executing node test.marketpulse.not_null_volatility_metrics_ticker.ba29972e62
[0m11:58:35.874662 [debug] [Thread-2 (]: Writing runtime sql for node "test.marketpulse.not_null_volatility_metrics_ticker.ba29972e62"
[0m11:58:35.871054 [debug] [Thread-3 (]: Began running node test.marketpulse.source_not_null_raw_daily_prices_date.54f43d0f5b
[0m11:58:35.875917 [debug] [Thread-4 (]: Began executing node test.marketpulse.source_not_null_raw_daily_prices_close.b66d00a1ac
[0m11:58:35.881901 [debug] [Thread-4 (]: Writing runtime sql for node "test.marketpulse.source_not_null_raw_daily_prices_close.b66d00a1ac"
[0m11:58:35.876906 [info ] [Thread-3 (]: 17 of 22 START test source_not_null_raw_daily_prices_date ...................... [RUN]
[0m11:58:35.884337 [debug] [Thread-3 (]: Re-using an available connection from the pool (formerly test.marketpulse.not_null_stg_market_ticks_ts.c9f2fe422d, now test.marketpulse.source_not_null_raw_daily_prices_date.54f43d0f5b)
[0m11:58:35.884930 [debug] [Thread-3 (]: Began compiling node test.marketpulse.source_not_null_raw_daily_prices_date.54f43d0f5b
[0m11:58:35.900760 [debug] [Thread-3 (]: Writing injected SQL for node "test.marketpulse.source_not_null_raw_daily_prices_date.54f43d0f5b"
[0m11:58:35.883328 [debug] [Thread-2 (]: Using postgres connection "test.marketpulse.not_null_volatility_metrics_ticker.ba29972e62"
[0m11:58:35.901449 [debug] [Thread-2 (]: On test.marketpulse.not_null_volatility_metrics_ticker.ba29972e62: /* {"app": "dbt", "dbt_version": "1.12.0", "profile_name": "marketpulse", "target_name": "dev", "node_id": "test.marketpulse.not_null_volatility_metrics_ticker.ba29972e62"} */

    
    select
      count(*) as failures,
      count(*) != 0 as should_warn,
      count(*) != 0 as should_error
    from (
      
    
  
    
    



select ticker
from "marketpulse"."analytics"."volatility_metrics"
where ticker is null



  
  
      
    ) dbt_internal_test
[0m11:58:35.901895 [debug] [Thread-2 (]: Opening a new connection, currently in state closed
[0m11:58:35.902598 [debug] [Thread-1 (]: SQL status: SELECT 1 in 0.035 seconds
[0m11:58:35.905250 [debug] [Thread-1 (]: On test.marketpulse.not_null_volatility_metrics_date.fbc54644e7: ROLLBACK
[0m11:58:35.903253 [debug] [Thread-4 (]: Using postgres connection "test.marketpulse.source_not_null_raw_daily_prices_close.b66d00a1ac"
[0m11:58:35.906826 [debug] [Thread-4 (]: On test.marketpulse.source_not_null_raw_daily_prices_close.b66d00a1ac: /* {"app": "dbt", "dbt_version": "1.12.0", "profile_name": "marketpulse", "target_name": "dev", "node_id": "test.marketpulse.source_not_null_raw_daily_prices_close.b66d00a1ac"} */

    
    select
      count(*) as failures,
      count(*) != 0 as should_warn,
      count(*) != 0 as should_error
    from (
      
    
  
    
    



select close
from "marketpulse"."raw"."daily_prices"
where close is null



  
  
      
    ) dbt_internal_test
[0m11:58:35.907871 [debug] [Thread-1 (]: On test.marketpulse.not_null_volatility_metrics_date.fbc54644e7: Close
[0m11:58:35.909065 [debug] [Thread-3 (]: Began executing node test.marketpulse.source_not_null_raw_daily_prices_date.54f43d0f5b
[0m11:58:35.909896 [debug] [Thread-4 (]: Opening a new connection, currently in state closed
[0m11:58:35.914318 [debug] [Thread-3 (]: Writing runtime sql for node "test.marketpulse.source_not_null_raw_daily_prices_date.54f43d0f5b"
[0m11:58:35.915469 [info ] [Thread-1 (]: 14 of 22 PASS not_null_volatility_metrics_date ................................. [[32mPASS[0m in 0.11s]
[0m11:58:35.917209 [debug] [Thread-1 (]: Finished running node test.marketpulse.not_null_volatility_metrics_date.fbc54644e7
[0m11:58:35.918009 [debug] [Thread-1 (]: Began running node test.marketpulse.source_not_null_raw_daily_prices_ticker.f54fdf2e37
[0m11:58:35.918967 [info ] [Thread-1 (]: 18 of 22 START test source_not_null_raw_daily_prices_ticker .................... [RUN]
[0m11:58:35.919920 [debug] [Thread-1 (]: Re-using an available connection from the pool (formerly test.marketpulse.not_null_volatility_metrics_date.fbc54644e7, now test.marketpulse.source_not_null_raw_daily_prices_ticker.f54fdf2e37)
[0m11:58:35.920776 [debug] [Thread-1 (]: Began compiling node test.marketpulse.source_not_null_raw_daily_prices_ticker.f54fdf2e37
[0m11:58:35.930673 [debug] [Thread-1 (]: Writing injected SQL for node "test.marketpulse.source_not_null_raw_daily_prices_ticker.f54fdf2e37"
[0m11:58:35.921397 [debug] [Thread-3 (]: Using postgres connection "test.marketpulse.source_not_null_raw_daily_prices_date.54f43d0f5b"
[0m11:58:35.931942 [debug] [Thread-3 (]: On test.marketpulse.source_not_null_raw_daily_prices_date.54f43d0f5b: /* {"app": "dbt", "dbt_version": "1.12.0", "profile_name": "marketpulse", "target_name": "dev", "node_id": "test.marketpulse.source_not_null_raw_daily_prices_date.54f43d0f5b"} */

    
    select
      count(*) as failures,
      count(*) != 0 as should_warn,
      count(*) != 0 as should_error
    from (
      
    
  
    
    



select date
from "marketpulse"."raw"."daily_prices"
where date is null



  
  
      
    ) dbt_internal_test
[0m11:58:35.932727 [debug] [Thread-3 (]: Opening a new connection, currently in state closed
[0m11:58:35.933902 [debug] [Thread-1 (]: Began executing node test.marketpulse.source_not_null_raw_daily_prices_ticker.f54fdf2e37
[0m11:58:35.937354 [debug] [Thread-1 (]: Writing runtime sql for node "test.marketpulse.source_not_null_raw_daily_prices_ticker.f54fdf2e37"
[0m11:58:35.938574 [debug] [Thread-2 (]: SQL status: SELECT 1 in 0.036 seconds
[0m11:58:35.941709 [debug] [Thread-2 (]: On test.marketpulse.not_null_volatility_metrics_ticker.ba29972e62: ROLLBACK
[0m11:58:35.942514 [debug] [Thread-4 (]: SQL status: SELECT 1 in 0.033 seconds
[0m11:58:35.944991 [debug] [Thread-4 (]: On test.marketpulse.source_not_null_raw_daily_prices_close.b66d00a1ac: ROLLBACK
[0m11:58:35.945651 [debug] [Thread-2 (]: On test.marketpulse.not_null_volatility_metrics_ticker.ba29972e62: Close
[0m11:58:35.946660 [debug] [Thread-1 (]: Using postgres connection "test.marketpulse.source_not_null_raw_daily_prices_ticker.f54fdf2e37"
[0m11:58:35.947551 [debug] [Thread-4 (]: On test.marketpulse.source_not_null_raw_daily_prices_close.b66d00a1ac: Close
[0m11:58:35.949380 [debug] [Thread-1 (]: On test.marketpulse.source_not_null_raw_daily_prices_ticker.f54fdf2e37: /* {"app": "dbt", "dbt_version": "1.12.0", "profile_name": "marketpulse", "target_name": "dev", "node_id": "test.marketpulse.source_not_null_raw_daily_prices_ticker.f54fdf2e37"} */

    
    select
      count(*) as failures,
      count(*) != 0 as should_warn,
      count(*) != 0 as should_error
    from (
      
    
  
    
    



select ticker
from "marketpulse"."raw"."daily_prices"
where ticker is null



  
  
      
    ) dbt_internal_test
[0m11:58:35.950272 [debug] [Thread-1 (]: Opening a new connection, currently in state closed
[0m11:58:35.948688 [info ] [Thread-2 (]: 15 of 22 PASS not_null_volatility_metrics_ticker ............................... [[32mPASS[0m in 0.11s]
[0m11:58:35.953225 [debug] [Thread-2 (]: Finished running node test.marketpulse.not_null_volatility_metrics_ticker.ba29972e62
[0m11:58:35.953883 [debug] [Thread-2 (]: Began running node test.marketpulse.source_not_null_streaming_market_ticks_close.c58078dc3e
[0m11:58:35.951664 [info ] [Thread-4 (]: 16 of 22 PASS source_not_null_raw_daily_prices_close ........................... [[32mPASS[0m in 0.11s]
[0m11:58:35.956534 [debug] [Thread-4 (]: Finished running node test.marketpulse.source_not_null_raw_daily_prices_close.b66d00a1ac
[0m11:58:35.954606 [info ] [Thread-2 (]: 19 of 22 START test source_not_null_streaming_market_ticks_close ............... [RUN]
[0m11:58:35.959180 [debug] [Thread-2 (]: Re-using an available connection from the pool (formerly test.marketpulse.not_null_volatility_metrics_ticker.ba29972e62, now test.marketpulse.source_not_null_streaming_market_ticks_close.c58078dc3e)
[0m11:58:35.961014 [debug] [Thread-2 (]: Began compiling node test.marketpulse.source_not_null_streaming_market_ticks_close.c58078dc3e
[0m11:58:35.957574 [debug] [Thread-4 (]: Began running node test.marketpulse.source_not_null_streaming_market_ticks_ticker.4749244045
[0m11:58:35.960257 [debug] [Thread-3 (]: SQL status: SELECT 1 in 0.027 seconds
[0m11:58:35.974101 [debug] [Thread-2 (]: Writing injected SQL for node "test.marketpulse.source_not_null_streaming_market_ticks_close.c58078dc3e"
[0m11:58:35.975388 [info ] [Thread-4 (]: 20 of 22 START test source_not_null_streaming_market_ticks_ticker .............. [RUN]
[0m11:58:35.978744 [debug] [Thread-3 (]: On test.marketpulse.source_not_null_raw_daily_prices_date.54f43d0f5b: ROLLBACK
[0m11:58:35.979826 [debug] [Thread-1 (]: SQL status: SELECT 1 in 0.029 seconds
[0m11:58:35.984525 [debug] [Thread-1 (]: On test.marketpulse.source_not_null_raw_daily_prices_ticker.f54fdf2e37: ROLLBACK
[0m11:58:35.980951 [debug] [Thread-4 (]: Re-using an available connection from the pool (formerly test.marketpulse.source_not_null_raw_daily_prices_close.b66d00a1ac, now test.marketpulse.source_not_null_streaming_market_ticks_ticker.4749244045)
[0m11:58:35.986950 [debug] [Thread-4 (]: Began compiling node test.marketpulse.source_not_null_streaming_market_ticks_ticker.4749244045
[0m11:58:35.987714 [debug] [Thread-1 (]: On test.marketpulse.source_not_null_raw_daily_prices_ticker.f54fdf2e37: Close
[0m11:58:35.988253 [debug] [Thread-2 (]: Began executing node test.marketpulse.source_not_null_streaming_market_ticks_close.c58078dc3e
[0m11:58:35.985549 [debug] [Thread-3 (]: On test.marketpulse.source_not_null_raw_daily_prices_date.54f43d0f5b: Close
[0m11:58:36.000596 [debug] [Thread-4 (]: Writing injected SQL for node "test.marketpulse.source_not_null_streaming_market_ticks_ticker.4749244045"
[0m11:58:36.003969 [debug] [Thread-2 (]: Writing runtime sql for node "test.marketpulse.source_not_null_streaming_market_ticks_close.c58078dc3e"
[0m11:58:36.005354 [info ] [Thread-1 (]: 18 of 22 PASS source_not_null_raw_daily_prices_ticker .......................... [[32mPASS[0m in 0.09s]
[0m11:58:36.009465 [debug] [Thread-1 (]: Finished running node test.marketpulse.source_not_null_raw_daily_prices_ticker.f54fdf2e37
[0m11:58:36.010082 [debug] [Thread-1 (]: Began running node test.marketpulse.source_not_null_streaming_market_ticks_ts.d9c4be3af3
[0m11:58:36.010604 [info ] [Thread-1 (]: 21 of 22 START test source_not_null_streaming_market_ticks_ts .................. [RUN]
[0m11:58:36.011895 [debug] [Thread-1 (]: Re-using an available connection from the pool (formerly test.marketpulse.source_not_null_raw_daily_prices_ticker.f54fdf2e37, now test.marketpulse.source_not_null_streaming_market_ticks_ts.d9c4be3af3)
[0m11:58:36.012869 [debug] [Thread-1 (]: Began compiling node test.marketpulse.source_not_null_streaming_market_ticks_ts.d9c4be3af3
[0m11:58:36.021550 [debug] [Thread-1 (]: Writing injected SQL for node "test.marketpulse.source_not_null_streaming_market_ticks_ts.d9c4be3af3"
[0m11:58:36.014170 [debug] [Thread-4 (]: Began executing node test.marketpulse.source_not_null_streaming_market_ticks_ticker.4749244045
[0m11:58:36.007540 [info ] [Thread-3 (]: 17 of 22 PASS source_not_null_raw_daily_prices_date ............................ [[32mPASS[0m in 0.12s]
[0m11:58:36.013664 [debug] [Thread-2 (]: Using postgres connection "test.marketpulse.source_not_null_streaming_market_ticks_close.c58078dc3e"
[0m11:58:36.025955 [debug] [Thread-2 (]: On test.marketpulse.source_not_null_streaming_market_ticks_close.c58078dc3e: /* {"app": "dbt", "dbt_version": "1.12.0", "profile_name": "marketpulse", "target_name": "dev", "node_id": "test.marketpulse.source_not_null_streaming_market_ticks_close.c58078dc3e"} */

    
    select
      count(*) as failures,
      count(*) != 0 as should_warn,
      count(*) != 0 as should_error
    from (
      
    
  
    
    



select close
from "marketpulse"."streaming"."market_ticks"
where close is null



  
  
      
    ) dbt_internal_test
[0m11:58:36.026686 [debug] [Thread-2 (]: Opening a new connection, currently in state closed
[0m11:58:36.025259 [debug] [Thread-3 (]: Finished running node test.marketpulse.source_not_null_raw_daily_prices_date.54f43d0f5b
[0m11:58:36.024296 [debug] [Thread-4 (]: Writing runtime sql for node "test.marketpulse.source_not_null_streaming_market_ticks_ticker.4749244045"
[0m11:58:36.027636 [debug] [Thread-1 (]: Began executing node test.marketpulse.source_not_null_streaming_market_ticks_ts.d9c4be3af3
[0m11:58:36.032151 [debug] [Thread-1 (]: Writing runtime sql for node "test.marketpulse.source_not_null_streaming_market_ticks_ts.d9c4be3af3"
[0m11:58:36.028504 [debug] [Thread-3 (]: Began running node test.marketpulse.unique_stg_daily_prices_price_id.da3aecbed4
[0m11:58:36.033061 [info ] [Thread-3 (]: 22 of 22 START test unique_stg_daily_prices_price_id ........................... [RUN]
[0m11:58:36.034190 [debug] [Thread-3 (]: Re-using an available connection from the pool (formerly test.marketpulse.source_not_null_raw_daily_prices_date.54f43d0f5b, now test.marketpulse.unique_stg_daily_prices_price_id.da3aecbed4)
[0m11:58:36.035560 [debug] [Thread-3 (]: Began compiling node test.marketpulse.unique_stg_daily_prices_price_id.da3aecbed4
[0m11:58:36.046094 [debug] [Thread-4 (]: Using postgres connection "test.marketpulse.source_not_null_streaming_market_ticks_ticker.4749244045"
[0m11:58:36.052416 [debug] [Thread-4 (]: On test.marketpulse.source_not_null_streaming_market_ticks_ticker.4749244045: /* {"app": "dbt", "dbt_version": "1.12.0", "profile_name": "marketpulse", "target_name": "dev", "node_id": "test.marketpulse.source_not_null_streaming_market_ticks_ticker.4749244045"} */

    
    select
      count(*) as failures,
      count(*) != 0 as should_warn,
      count(*) != 0 as should_error
    from (
      
    
  
    
    



select ticker
from "marketpulse"."streaming"."market_ticks"
where ticker is null



  
  
      
    ) dbt_internal_test
[0m11:58:36.034993 [debug] [Thread-1 (]: Using postgres connection "test.marketpulse.source_not_null_streaming_market_ticks_ts.d9c4be3af3"
[0m11:58:36.051754 [debug] [Thread-3 (]: Writing injected SQL for node "test.marketpulse.unique_stg_daily_prices_price_id.da3aecbed4"
[0m11:58:36.053070 [debug] [Thread-4 (]: Opening a new connection, currently in state closed
[0m11:58:36.053782 [debug] [Thread-1 (]: On test.marketpulse.source_not_null_streaming_market_ticks_ts.d9c4be3af3: /* {"app": "dbt", "dbt_version": "1.12.0", "profile_name": "marketpulse", "target_name": "dev", "node_id": "test.marketpulse.source_not_null_streaming_market_ticks_ts.d9c4be3af3"} */

    
    select
      count(*) as failures,
      count(*) != 0 as should_warn,
      count(*) != 0 as should_error
    from (
      
    
  
    
    



select ts
from "marketpulse"."streaming"."market_ticks"
where ts is null



  
  
      
    ) dbt_internal_test
[0m11:58:36.054943 [debug] [Thread-1 (]: Opening a new connection, currently in state closed
[0m11:58:36.056638 [debug] [Thread-3 (]: Began executing node test.marketpulse.unique_stg_daily_prices_price_id.da3aecbed4
[0m11:58:36.060736 [debug] [Thread-3 (]: Writing runtime sql for node "test.marketpulse.unique_stg_daily_prices_price_id.da3aecbed4"
[0m11:58:36.062317 [debug] [Thread-2 (]: SQL status: SELECT 1 in 0.035 seconds
[0m11:58:36.065072 [debug] [Thread-2 (]: On test.marketpulse.source_not_null_streaming_market_ticks_close.c58078dc3e: ROLLBACK
[0m11:58:36.066207 [debug] [Thread-3 (]: Using postgres connection "test.marketpulse.unique_stg_daily_prices_price_id.da3aecbed4"
[0m11:58:36.067824 [debug] [Thread-3 (]: On test.marketpulse.unique_stg_daily_prices_price_id.da3aecbed4: /* {"app": "dbt", "dbt_version": "1.12.0", "profile_name": "marketpulse", "target_name": "dev", "node_id": "test.marketpulse.unique_stg_daily_prices_price_id.da3aecbed4"} */

    
    select
      count(*) as failures,
      count(*) != 0 as should_warn,
      count(*) != 0 as should_error
    from (
      
    
  
    
    

select
    price_id as unique_field,
    count(*) as n_records

from "marketpulse"."analytics"."stg_daily_prices"
where price_id is not null
group by price_id
having count(*) > 1



  
  
      
    ) dbt_internal_test
[0m11:58:36.066975 [debug] [Thread-2 (]: On test.marketpulse.source_not_null_streaming_market_ticks_close.c58078dc3e: Close
[0m11:58:36.068628 [debug] [Thread-3 (]: Opening a new connection, currently in state closed
[0m11:58:36.069843 [info ] [Thread-2 (]: 19 of 22 PASS source_not_null_streaming_market_ticks_close ..................... [[32mPASS[0m in 0.11s]
[0m11:58:36.071135 [debug] [Thread-2 (]: Finished running node test.marketpulse.source_not_null_streaming_market_ticks_close.c58078dc3e
[0m11:58:36.086160 [debug] [Thread-4 (]: SQL status: SELECT 1 in 0.032 seconds
[0m11:58:36.089190 [debug] [Thread-4 (]: On test.marketpulse.source_not_null_streaming_market_ticks_ticker.4749244045: ROLLBACK
[0m11:58:36.086871 [debug] [Thread-1 (]: SQL status: SELECT 1 in 0.032 seconds
[0m11:58:36.091877 [debug] [Thread-1 (]: On test.marketpulse.source_not_null_streaming_market_ticks_ts.d9c4be3af3: ROLLBACK
[0m11:58:36.092600 [debug] [Thread-4 (]: On test.marketpulse.source_not_null_streaming_market_ticks_ticker.4749244045: Close
[0m11:58:36.095260 [debug] [Thread-1 (]: On test.marketpulse.source_not_null_streaming_market_ticks_ts.d9c4be3af3: Close
[0m11:58:36.094618 [info ] [Thread-4 (]: 20 of 22 PASS source_not_null_streaming_market_ticks_ticker .................... [[32mPASS[0m in 0.11s]
[0m11:58:36.097264 [debug] [Thread-4 (]: Finished running node test.marketpulse.source_not_null_streaming_market_ticks_ticker.4749244045
[0m11:58:36.098454 [info ] [Thread-1 (]: 21 of 22 PASS source_not_null_streaming_market_ticks_ts ........................ [[32mPASS[0m in 0.09s]
[0m11:58:36.101440 [debug] [Thread-1 (]: Finished running node test.marketpulse.source_not_null_streaming_market_ticks_ts.d9c4be3af3
[0m11:58:36.102447 [debug] [Thread-3 (]: SQL status: SELECT 1 in 0.034 seconds
[0m11:58:36.104733 [debug] [Thread-3 (]: On test.marketpulse.unique_stg_daily_prices_price_id.da3aecbed4: ROLLBACK
[0m11:58:36.106354 [debug] [Thread-3 (]: On test.marketpulse.unique_stg_daily_prices_price_id.da3aecbed4: Close
[0m11:58:36.108155 [info ] [Thread-3 (]: 22 of 22 PASS unique_stg_daily_prices_price_id ................................. [[32mPASS[0m in 0.07s]
[0m11:58:36.109546 [debug] [Thread-3 (]: Finished running node test.marketpulse.unique_stg_daily_prices_price_id.da3aecbed4
[0m11:58:36.111766 [debug] [MainThread]: On master: COMMIT
[0m11:58:36.112326 [debug] [MainThread]: Using postgres connection "master"
[0m11:58:36.113004 [debug] [MainThread]: On master: COMMIT
[0m11:58:36.113681 [debug] [MainThread]: Opening a new connection, currently in state closed
[0m11:58:36.134391 [debug] [MainThread]: SQL status: COMMIT in 0.021 seconds
[0m11:58:36.134963 [debug] [MainThread]: On master: Close
[0m11:58:36.135587 [debug] [MainThread]: Connection 'master' was properly closed.
[0m11:58:36.136327 [debug] [MainThread]: Connection 'list_marketpulse_analytics' was properly closed.
[0m11:58:36.136849 [debug] [MainThread]: Connection 'test.marketpulse.source_not_null_streaming_market_ticks_ts.d9c4be3af3' was properly closed.
[0m11:58:36.137314 [debug] [MainThread]: Connection 'test.marketpulse.unique_stg_daily_prices_price_id.da3aecbed4' was properly closed.
[0m11:58:36.137813 [debug] [MainThread]: Connection 'test.marketpulse.source_not_null_streaming_market_ticks_ticker.4749244045' was properly closed.
[0m11:58:36.138356 [debug] [MainThread]: Connection 'test.marketpulse.source_not_null_streaming_market_ticks_close.c58078dc3e' was properly closed.
[0m11:58:36.139078 [info ] [MainThread]: 
[0m11:58:36.140903 [info ] [MainThread]: Finished running 22 data tests in 0 hours 0 minutes and 0.96 seconds (0.96s).
[0m11:58:36.147104 [debug] [MainThread]: Command end result
[0m11:58:36.198967 [debug] [MainThread]: Wrote artifact WritableManifest to dbt\target\manifest.json
[0m11:58:36.202898 [debug] [MainThread]: Wrote artifact SemanticManifest to dbt\target\semantic_manifest.json
[0m11:58:36.208720 [debug] [MainThread]: Wrote artifact OsiDocument to dbt\target\osi_document.json
[0m11:58:36.223790 [debug] [MainThread]: Wrote artifact RunExecutionResult to dbt\target\run_results.json
[0m11:58:36.224561 [info ] [MainThread]: 
[0m11:58:36.225246 [info ] [MainThread]: [32mCompleted successfully[0m
[0m11:58:36.225984 [info ] [MainThread]: 
[0m11:58:36.226744 [info ] [MainThread]: Done. PASS=22 WARN=0 ERROR=0 SKIP=0 NO-OP=0 REUSED=0 TOTAL=22
[0m11:58:36.228578 [debug] [MainThread]: Command `dbt test` succeeded at 11:58:36.228093 after 2.46 seconds
[0m11:58:36.229445 [debug] [MainThread]: Sending event: {'category': 'dbt', 'action': 'invocation', 'label': 'end', 'context': [<snowplow_tracker.self_describing_json.SelfDescribingJson object at 0x00000233269F2210>, <snowplow_tracker.self_describing_json.SelfDescribingJson object at 0x0000023326EBA780>, <snowplow_tracker.self_describing_json.SelfDescribingJson object at 0x0000023326EBA620>]}
[0m11:58:36.230189 [debug] [MainThread]: Flushing usage events
[0m11:58:37.190124 [debug] [MainThread]: An error was encountered while trying to flush usage events
